ISO-10303-21;
HEADER;
/* Generated by software containing ST-Developer
 * from STEP Tools, Inc. (www.steptools.com) 
 */

FILE_DESCRIPTION(
/* description */ ('STEP AP214'),
/* implementation_level */ '2;1');

FILE_NAME(
/* name */ 'CIL100-F3.6-M12ANIR.stp',
/* time_stamp */ '2026-04-02T11:42:15-07:00',
/* author */ ('MaxHenkart'),
/* organization */ (''),
/* preprocessor_version */ 'ST-DEVELOPER v20',
/* originating_system */ 'Autodesk Inventor 2025',
/* authorisation */ '');

FILE_SCHEMA (('AUTOMOTIVE_DESIGN { 1 0 10303 214 3 1 1 }'));
ENDSEC;

DATA;
#10=MECHANICAL_DESIGN_GEOMETRIC_PRESENTATION_REPRESENTATION('',(#43,#44,
#45,#46,#47),#2108);
#11=ITEM_DEFINED_TRANSFORMATION($,$,#1198,#1357);
#12=ITEM_DEFINED_TRANSFORMATION($,$,#1285,#1358);
#13=ITEM_DEFINED_TRANSFORMATION($,$,#1296,#1359);
#14=ITEM_DEFINED_TRANSFORMATION($,$,#1305,#1360);
#15=ITEM_DEFINED_TRANSFORMATION($,$,#1312,#1361);
#16=(
REPRESENTATION_RELATIONSHIP($,$,#2131,#2130)
REPRESENTATION_RELATIONSHIP_WITH_TRANSFORMATION(#11)
SHAPE_REPRESENTATION_RELATIONSHIP()
);
#17=(
REPRESENTATION_RELATIONSHIP($,$,#2132,#2130)
REPRESENTATION_RELATIONSHIP_WITH_TRANSFORMATION(#12)
SHAPE_REPRESENTATION_RELATIONSHIP()
);
#18=(
REPRESENTATION_RELATIONSHIP($,$,#2133,#2130)
REPRESENTATION_RELATIONSHIP_WITH_TRANSFORMATION(#13)
SHAPE_REPRESENTATION_RELATIONSHIP()
);
#19=(
REPRESENTATION_RELATIONSHIP($,$,#2134,#2130)
REPRESENTATION_RELATIONSHIP_WITH_TRANSFORMATION(#14)
SHAPE_REPRESENTATION_RELATIONSHIP()
);
#20=(
REPRESENTATION_RELATIONSHIP($,$,#2135,#2130)
REPRESENTATION_RELATIONSHIP_WITH_TRANSFORMATION(#15)
SHAPE_REPRESENTATION_RELATIONSHIP()
);
#21=CONTEXT_DEPENDENT_SHAPE_REPRESENTATION(#16,#2125);
#22=CONTEXT_DEPENDENT_SHAPE_REPRESENTATION(#17,#2126);
#23=CONTEXT_DEPENDENT_SHAPE_REPRESENTATION(#18,#2127);
#24=CONTEXT_DEPENDENT_SHAPE_REPRESENTATION(#19,#2128);
#25=CONTEXT_DEPENDENT_SHAPE_REPRESENTATION(#20,#2129);
#26=NEXT_ASSEMBLY_USAGE_OCCURRENCE('\X2\4E3B955C7B52\X0\_1',
'\X2\4E3B955C7B52\X0\_1','\X2\4E3B955C7B52\X0\_1',#2137,#2138,
'\X2\4E3B955C7B52\X0\_1');
#27=NEXT_ASSEMBLY_USAGE_OCCURRENCE('D-3_2','D-3_2','D-3_2',#2137,#2139,
'D-3_2');
#28=NEXT_ASSEMBLY_USAGE_OCCURRENCE('\X2\9EA662C97247\X0\_3',
'\X2\9EA662C97247\X0\_3','\X2\9EA662C97247\X0\_3',#2137,#2140,
'\X2\9EA662C97247\X0\_3');
#29=NEXT_ASSEMBLY_USAGE_OCCURRENCE('A_4','A_4','A_4',#2137,#2141,'A_4');
#30=NEXT_ASSEMBLY_USAGE_OCCURRENCE('\X2\538B5708\X0\_5','\X2\538B5708\X0\_
5','\X2\538B5708\X0\_5',#2137,#2142,'\X2\538B5708\X0\_5');
#31=(
BOUNDED_SURFACE()
B_SPLINE_SURFACE(2,2,((#1910,#1911,#1912,#1913,#1914,#1915,#1916,#1917,
#1918),(#1919,#1920,#1921,#1922,#1923,#1924,#1925,#1926,#1927),(#1928,#1929,
#1930,#1931,#1932,#1933,#1934,#1935,#1936)),.UNSPECIFIED.,.F.,.T.,.F.)
B_SPLINE_SURFACE_WITH_KNOTS((3,3),(3,2,2,2,3),(-1.57079747260668,-1.12927032834938),
(-3.14159265358979,-1.5707963267949,0.,1.5707963267949,3.14159265358979),
 .UNSPECIFIED.)
GEOMETRIC_REPRESENTATION_ITEM()
RATIONAL_B_SPLINE_SURFACE(((1.,0.707106781186548,1.,0.707106781186548,1.,
0.707106781186548,1.,0.707106781186548,1.),(0.975730530794185,0.689945674935318,
0.975730530794185,0.689945674935318,0.975730530794185,0.689945674935318,
0.975730530794185,0.689945674935318,0.975730530794185),(1.,0.707106781186548,
1.,0.707106781186548,1.,0.707106781186548,1.,0.707106781186548,1.)))
REPRESENTATION_ITEM('')
SURFACE()
);
#32=(
BOUNDED_SURFACE()
B_SPLINE_SURFACE(2,2,((#1975,#1976,#1977,#1978,#1979,#1980,#1981,#1982,
#1983),(#1984,#1985,#1986,#1987,#1988,#1989,#1990,#1991,#1992),(#1993,#1994,
#1995,#1996,#1997,#1998,#1999,#2000,#2001)),.UNSPECIFIED.,.F.,.T.,.F.)
B_SPLINE_SURFACE_WITH_KNOTS((3,3),(3,2,2,2,3),(1.09333092267248,1.57079598993217),
(-3.14159265358979,-1.5707963267949,0.,1.5707963267949,3.14159265358979),
 .UNSPECIFIED.)
GEOMETRIC_REPRESENTATION_ITEM()
RATIONAL_B_SPLINE_SURFACE(((1.,0.707106781186548,1.,0.707106781186548,1.,
0.707106781186548,1.,0.707106781186548,1.),(0.971638474643413,0.68705215428211,
0.971638474643413,0.68705215428211,0.971638474643413,0.68705215428211,0.971638474643413,
0.68705215428211,0.971638474643413),(1.,0.707106781186548,1.,0.707106781186548,
1.,0.707106781186548,1.,0.707106781186548,1.)))
REPRESENTATION_ITEM('')
SURFACE()
);
#33=SHAPE_REPRESENTATION_RELATIONSHIP('SRR','None',#2131,#38);
#34=SHAPE_REPRESENTATION_RELATIONSHIP('SRR','None',#2132,#39);
#35=SHAPE_REPRESENTATION_RELATIONSHIP('SRR','None',#2133,#40);
#36=SHAPE_REPRESENTATION_RELATIONSHIP('SRR','None',#2134,#41);
#37=SHAPE_REPRESENTATION_RELATIONSHIP('SRR','None',#2135,#42);
#38=ADVANCED_BREP_SHAPE_REPRESENTATION('',(#48),#2103);
#39=ADVANCED_BREP_SHAPE_REPRESENTATION('',(#49),#2104);
#40=ADVANCED_BREP_SHAPE_REPRESENTATION('',(#50),#2105);
#41=ADVANCED_BREP_SHAPE_REPRESENTATION('',(#51),#2106);
#42=ADVANCED_BREP_SHAPE_REPRESENTATION('',(#52),#2107);
#43=STYLED_ITEM('',(#1108),#48);
#44=STYLED_ITEM('',(#1109),#49);
#45=STYLED_ITEM('',(#1110),#50);
#46=STYLED_ITEM('',(#1111),#51);
#47=STYLED_ITEM('',(#1112),#52);
#48=MANIFOLD_SOLID_BREP('Solid1',#1043);
#49=MANIFOLD_SOLID_BREP('Solid1',#1044);
#50=MANIFOLD_SOLID_BREP('Solid1',#1045);
#51=MANIFOLD_SOLID_BREP('Solid1',#1046);
#52=MANIFOLD_SOLID_BREP('Solid1',#1047);
#53=FACE_BOUND('',#217,.T.);
#54=FACE_BOUND('',#219,.T.);
#55=FACE_BOUND('',#221,.T.);
#56=FACE_BOUND('',#223,.T.);
#57=FACE_BOUND('',#225,.T.);
#58=FACE_BOUND('',#227,.T.);
#59=FACE_BOUND('',#229,.T.);
#60=FACE_BOUND('',#231,.T.);
#61=FACE_BOUND('',#233,.T.);
#62=FACE_BOUND('',#235,.T.);
#63=FACE_BOUND('',#241,.T.);
#64=FACE_BOUND('',#245,.T.);
#65=FACE_BOUND('',#247,.T.);
#66=FACE_BOUND('',#265,.T.);
#67=FACE_BOUND('',#267,.T.);
#68=FACE_BOUND('',#269,.T.);
#69=FACE_BOUND('',#271,.T.);
#70=FACE_BOUND('',#273,.T.);
#71=FACE_BOUND('',#275,.T.);
#72=FACE_BOUND('',#277,.T.);
#73=PLANE('',#1275);
#74=PLANE('',#1276);
#75=PLANE('',#1277);
#76=PLANE('',#1278);
#77=PLANE('',#1279);
#78=PLANE('',#1280);
#79=PLANE('',#1281);
#80=PLANE('',#1282);
#81=PLANE('',#1283);
#82=PLANE('',#1284);
#83=PLANE('',#1295);
#84=PLANE('',#1303);
#85=PLANE('',#1304);
#86=PLANE('',#1350);
#87=PLANE('',#1351);
#88=PLANE('',#1352);
#89=PLANE('',#1353);
#90=PLANE('',#1354);
#91=PLANE('',#1355);
#92=PLANE('',#1356);
#93=CYLINDRICAL_SURFACE('',#1214,6.21499999998377);
#94=CYLINDRICAL_SURFACE('',#1219,6.51499999998373);
#95=CYLINDRICAL_SURFACE('',#1221,5.09999999999991);
#96=CYLINDRICAL_SURFACE('',#1228,4.90000000000009);
#97=CYLINDRICAL_SURFACE('',#1230,5.49999999994407);
#98=CYLINDRICAL_SURFACE('',#1237,5.99999999994407);
#99=CYLINDRICAL_SURFACE('',#1239,5.70000000000005);
#100=CYLINDRICAL_SURFACE('',#1246,8.);
#101=CYLINDRICAL_SURFACE('',#1252,11.1000000000001);
#102=CYLINDRICAL_SURFACE('',#1258,14.8000000000447);
#103=CYLINDRICAL_SURFACE('',#1264,15.5000000000898);
#104=CYLINDRICAL_SURFACE('',#1272,8.);
#105=CYLINDRICAL_SURFACE('',#1274,14.2500000000125);
#106=CYLINDRICAL_SURFACE('',#1294,7.5000000000224);
#107=CYLINDRICAL_SURFACE('',#1297,13.4999999999648);
#108=CYLINDRICAL_SURFACE('',#1300,11.3099999999647);
#109=CYLINDRICAL_SURFACE('',#1311,14.2499999999995);
#110=CYLINDRICAL_SURFACE('',#1313,14.399955);
#111=CYLINDRICAL_SURFACE('',#1316,13.9999550000201);
#112=CYLINDRICAL_SURFACE('',#1323,13.7100000000004);
#113=CYLINDRICAL_SURFACE('',#1325,15.5500358744996);
#114=CYLINDRICAL_SURFACE('',#1328,15.2500358744999);
#115=CYLINDRICAL_SURFACE('',#1337,16.5);
#116=CYLINDRICAL_SURFACE('',#1345,15.199955);
#117=CYLINDRICAL_SURFACE('',#1347,14.7999550000001);
#118=FACE_OUTER_BOUND('',#188,.T.);
#119=FACE_OUTER_BOUND('',#189,.T.);
#120=FACE_OUTER_BOUND('',#190,.T.);
#121=FACE_OUTER_BOUND('',#191,.T.);
#122=FACE_OUTER_BOUND('',#192,.T.);
#123=FACE_OUTER_BOUND('',#193,.T.);
#124=FACE_OUTER_BOUND('',#194,.T.);
#125=FACE_OUTER_BOUND('',#195,.T.);
#126=FACE_OUTER_BOUND('',#196,.T.);
#127=FACE_OUTER_BOUND('',#197,.T.);
#128=FACE_OUTER_BOUND('',#198,.T.);
#129=FACE_OUTER_BOUND('',#199,.T.);
#130=FACE_OUTER_BOUND('',#200,.T.);
#131=FACE_OUTER_BOUND('',#201,.T.);
#132=FACE_OUTER_BOUND('',#202,.T.);
#133=FACE_OUTER_BOUND('',#203,.T.);
#134=FACE_OUTER_BOUND('',#204,.T.);
#135=FACE_OUTER_BOUND('',#205,.T.);
#136=FACE_OUTER_BOUND('',#206,.T.);
#137=FACE_OUTER_BOUND('',#207,.T.);
#138=FACE_OUTER_BOUND('',#208,.T.);
#139=FACE_OUTER_BOUND('',#209,.T.);
#140=FACE_OUTER_BOUND('',#210,.T.);
#141=FACE_OUTER_BOUND('',#211,.T.);
#142=FACE_OUTER_BOUND('',#212,.T.);
#143=FACE_OUTER_BOUND('',#213,.T.);
#144=FACE_OUTER_BOUND('',#214,.T.);
#145=FACE_OUTER_BOUND('',#215,.T.);
#146=FACE_OUTER_BOUND('',#216,.T.);
#147=FACE_OUTER_BOUND('',#218,.T.);
#148=FACE_OUTER_BOUND('',#220,.T.);
#149=FACE_OUTER_BOUND('',#222,.T.);
#150=FACE_OUTER_BOUND('',#224,.T.);
#151=FACE_OUTER_BOUND('',#226,.T.);
#152=FACE_OUTER_BOUND('',#228,.T.);
#153=FACE_OUTER_BOUND('',#230,.T.);
#154=FACE_OUTER_BOUND('',#232,.T.);
#155=FACE_OUTER_BOUND('',#234,.T.);
#156=FACE_OUTER_BOUND('',#236,.T.);
#157=FACE_OUTER_BOUND('',#237,.T.);
#158=FACE_OUTER_BOUND('',#238,.T.);
#159=FACE_OUTER_BOUND('',#239,.T.);
#160=FACE_OUTER_BOUND('',#240,.T.);
#161=FACE_OUTER_BOUND('',#242,.T.);
#162=FACE_OUTER_BOUND('',#243,.T.);
#163=FACE_OUTER_BOUND('',#244,.T.);
#164=FACE_OUTER_BOUND('',#246,.T.);
#165=FACE_OUTER_BOUND('',#248,.T.);
#166=FACE_OUTER_BOUND('',#249,.T.);
#167=FACE_OUTER_BOUND('',#250,.T.);
#168=FACE_OUTER_BOUND('',#251,.T.);
#169=FACE_OUTER_BOUND('',#252,.T.);
#170=FACE_OUTER_BOUND('',#253,.T.);
#171=FACE_OUTER_BOUND('',#254,.T.);
#172=FACE_OUTER_BOUND('',#255,.T.);
#173=FACE_OUTER_BOUND('',#256,.T.);
#174=FACE_OUTER_BOUND('',#257,.T.);
#175=FACE_OUTER_BOUND('',#258,.T.);
#176=FACE_OUTER_BOUND('',#259,.T.);
#177=FACE_OUTER_BOUND('',#260,.T.);
#178=FACE_OUTER_BOUND('',#261,.T.);
#179=FACE_OUTER_BOUND('',#262,.T.);
#180=FACE_OUTER_BOUND('',#263,.T.);
#181=FACE_OUTER_BOUND('',#264,.T.);
#182=FACE_OUTER_BOUND('',#266,.T.);
#183=FACE_OUTER_BOUND('',#268,.T.);
#184=FACE_OUTER_BOUND('',#270,.T.);
#185=FACE_OUTER_BOUND('',#272,.T.);
#186=FACE_OUTER_BOUND('',#274,.T.);
#187=FACE_OUTER_BOUND('',#276,.T.);
#188=EDGE_LOOP('',(#682,#683,#684,#685,#686));
#189=EDGE_LOOP('',(#687,#688,#689,#690,#691));
#190=EDGE_LOOP('',(#692,#693,#694,#695));
#191=EDGE_LOOP('',(#696,#697,#698,#699));
#192=EDGE_LOOP('',(#700,#701,#702,#703,#704));
#193=EDGE_LOOP('',(#705,#706,#707,#708,#709));
#194=EDGE_LOOP('',(#710,#711,#712,#713));
#195=EDGE_LOOP('',(#714,#715,#716,#717));
#196=EDGE_LOOP('',(#718,#719,#720,#721));
#197=EDGE_LOOP('',(#722,#723,#724,#725,#726));
#198=EDGE_LOOP('',(#727,#728,#729,#730,#731,#732));
#199=EDGE_LOOP('',(#733,#734,#735,#736,#737));
#200=EDGE_LOOP('',(#738,#739,#740,#741));
#201=EDGE_LOOP('',(#742,#743,#744,#745,#746));
#202=EDGE_LOOP('',(#747,#748,#749,#750,#751));
#203=EDGE_LOOP('',(#752,#753,#754,#755));
#204=EDGE_LOOP('',(#756,#757,#758,#759,#760));
#205=EDGE_LOOP('',(#761,#762,#763,#764,#765));
#206=EDGE_LOOP('',(#766,#767,#768,#769,#770));
#207=EDGE_LOOP('',(#771,#772,#773,#774,#775));
#208=EDGE_LOOP('',(#776,#777,#778,#779,#780));
#209=EDGE_LOOP('',(#781,#782,#783,#784,#785));
#210=EDGE_LOOP('',(#786,#787,#788,#789,#790));
#211=EDGE_LOOP('',(#791,#792,#793,#794,#795));
#212=EDGE_LOOP('',(#796,#797,#798,#799));
#213=EDGE_LOOP('',(#800,#801,#802,#803,#804));
#214=EDGE_LOOP('',(#805,#806,#807,#808));
#215=EDGE_LOOP('',(#809,#810,#811,#812,#813));
#216=EDGE_LOOP('',(#814));
#217=EDGE_LOOP('',(#815));
#218=EDGE_LOOP('',(#816));
#219=EDGE_LOOP('',(#817));
#220=EDGE_LOOP('',(#818));
#221=EDGE_LOOP('',(#819));
#222=EDGE_LOOP('',(#820));
#223=EDGE_LOOP('',(#821));
#224=EDGE_LOOP('',(#822));
#225=EDGE_LOOP('',(#823));
#226=EDGE_LOOP('',(#824));
#227=EDGE_LOOP('',(#825));
#228=EDGE_LOOP('',(#826));
#229=EDGE_LOOP('',(#827));
#230=EDGE_LOOP('',(#828));
#231=EDGE_LOOP('',(#829));
#232=EDGE_LOOP('',(#830));
#233=EDGE_LOOP('',(#831));
#234=EDGE_LOOP('',(#832));
#235=EDGE_LOOP('',(#833));
#236=EDGE_LOOP('',(#834,#835,#836));
#237=EDGE_LOOP('',(#837,#838,#839));
#238=EDGE_LOOP('',(#840,#841,#842,#843,#844));
#239=EDGE_LOOP('',(#845,#846,#847,#848,#849));
#240=EDGE_LOOP('',(#850));
#241=EDGE_LOOP('',(#851));
#242=EDGE_LOOP('',(#852,#853,#854,#855));
#243=EDGE_LOOP('',(#856,#857,#858,#859));
#244=EDGE_LOOP('',(#860));
#245=EDGE_LOOP('',(#861));
#246=EDGE_LOOP('',(#862));
#247=EDGE_LOOP('',(#863));
#248=EDGE_LOOP('',(#864,#865,#866,#867));
#249=EDGE_LOOP('',(#868,#869,#870));
#250=EDGE_LOOP('',(#871,#872,#873,#874,#875));
#251=EDGE_LOOP('',(#876,#877,#878,#879));
#252=EDGE_LOOP('',(#880,#881,#882,#883,#884));
#253=EDGE_LOOP('',(#885,#886,#887,#888,#889,#890));
#254=EDGE_LOOP('',(#891,#892,#893,#894,#895));
#255=EDGE_LOOP('',(#896,#897,#898,#899));
#256=EDGE_LOOP('',(#900,#901,#902,#903));
#257=EDGE_LOOP('',(#904,#905,#906,#907));
#258=EDGE_LOOP('',(#908,#909,#910,#911,#912));
#259=EDGE_LOOP('',(#913,#914,#915,#916,#917));
#260=EDGE_LOOP('',(#918,#919,#920,#921));
#261=EDGE_LOOP('',(#922,#923,#924,#925,#926));
#262=EDGE_LOOP('',(#927,#928,#929,#930,#931));
#263=EDGE_LOOP('',(#932,#933,#934,#935));
#264=EDGE_LOOP('',(#936));
#265=EDGE_LOOP('',(#937));
#266=EDGE_LOOP('',(#938));
#267=EDGE_LOOP('',(#939));
#268=EDGE_LOOP('',(#940));
#269=EDGE_LOOP('',(#941));
#270=EDGE_LOOP('',(#942));
#271=EDGE_LOOP('',(#943));
#272=EDGE_LOOP('',(#944));
#273=EDGE_LOOP('',(#945));
#274=EDGE_LOOP('',(#946));
#275=EDGE_LOOP('',(#947));
#276=EDGE_LOOP('',(#948));
#277=EDGE_LOOP('',(#949));
#278=LINE('',#1747,#326);
#279=LINE('',#1752,#327);
#280=LINE('',#1756,#328);
#281=LINE('',#1760,#329);
#282=LINE('',#1764,#330);
#283=LINE('',#1771,#331);
#284=LINE('',#1776,#332);
#285=LINE('',#1780,#333);
#286=LINE('',#1784,#334);
#287=LINE('',#1790,#335);
#288=LINE('',#1798,#336);
#289=LINE('',#1802,#337);
#290=LINE('',#1808,#338);
#291=LINE('',#1815,#339);
#292=LINE('',#1820,#340);
#293=LINE('',#1826,#341);
#294=LINE('',#1833,#342);
#295=LINE('',#1838,#343);
#296=LINE('',#1845,#344);
#297=LINE('',#1850,#345);
#298=LINE('',#1857,#346);
#299=LINE('',#1862,#347);
#300=LINE('',#1869,#348);
#301=LINE('',#1874,#349);
#302=LINE('',#1878,#350);
#303=LINE('',#1885,#351);
#304=LINE('',#1890,#352);
#305=LINE('',#1893,#353);
#306=LINE('',#1909,#354);
#307=LINE('',#1946,#355);
#308=LINE('',#1950,#356);
#309=LINE('',#1957,#357);
#310=LINE('',#1963,#358);
#311=LINE('',#1971,#359);
#312=LINE('',#2007,#360);
#313=LINE('',#2013,#361);
#314=LINE('',#2019,#362);
#315=LINE('',#2027,#363);
#316=LINE('',#2031,#364);
#317=LINE('',#2037,#365);
#318=LINE('',#2043,#366);
#319=LINE('',#2047,#367);
#320=LINE('',#2054,#368);
#321=LINE('',#2059,#369);
#322=LINE('',#2063,#370);
#323=LINE('',#2070,#371);
#324=LINE('',#2075,#372);
#325=LINE('',#2081,#373);
#326=VECTOR('',#1370,6787.54324766209);
#327=VECTOR('',#1377,10.4983565773324);
#328=VECTOR('',#1382,10.9302198215193);
#329=VECTOR('',#1387,12.9455816277249);
#330=VECTOR('',#1392,14.0612283418745);
#331=VECTOR('',#1401,14.675619173169);
#332=VECTOR('',#1406,6.21499999998377);
#333=VECTOR('',#1411,6.21499999998377);
#334=VECTOR('',#1416,6.51499999998373);
#335=VECTOR('',#1423,5.09999999999991);
#336=VECTOR('',#1432,4.90000000000008);
#337=VECTOR('',#1437,4.90000000000009);
#338=VECTOR('',#1444,5.49999999994407);
#339=VECTOR('',#1451,5.70000000000006);
#340=VECTOR('',#1458,5.99999999994407);
#341=VECTOR('',#1465,5.70000000000005);
#342=VECTOR('',#1472,7.70000000017104);
#343=VECTOR('',#1479,8.);
#344=VECTOR('',#1486,11.1000000000001);
#345=VECTOR('',#1493,11.1000000000001);
#346=VECTOR('',#1500,14.7999999999999);
#347=VECTOR('',#1507,14.8000000000447);
#348=VECTOR('',#1514,15.5);
#349=VECTOR('',#1521,15.5000000000898);
#350=VECTOR('',#1526,15.2000358744999);
#351=VECTOR('',#1533,14.3500358744996);
#352=VECTOR('',#1540,8.);
#353=VECTOR('',#1545,14.2500000000125);
#354=VECTOR('',#1572,6787.54324766209);
#355=VECTOR('',#1581,7.5000000000224);
#356=VECTOR('',#1588,7.5000000000224);
#357=VECTOR('',#1597,13.4999999999648);
#358=VECTOR('',#1604,11.3099999999647);
#359=VECTOR('',#1615,14.675619173169);
#360=VECTOR('',#1626,14.2499999999995);
#361=VECTOR('',#1633,14.399955);
#362=VECTOR('',#1640,13.9999550000201);
#363=VECTOR('',#1649,13.7100000000005);
#364=VECTOR('',#1654,13.7100000000004);
#365=VECTOR('',#1661,15.5500358744996);
#366=VECTOR('',#1668,15.2500358744999);
#367=VECTOR('',#1673,15.2500358744999);
#368=VECTOR('',#1680,16.5);
#369=VECTOR('',#1687,16.5);
#370=VECTOR('',#1692,16.5);
#371=VECTOR('',#1699,15.2999550000002);
#372=VECTOR('',#1706,15.199955);
#373=VECTOR('',#1713,14.7999550000001);
#374=CIRCLE('',#1200,10.4983565773324);
#375=CIRCLE('',#1201,8.);
#376=CIRCLE('',#1202,10.4983565773324);
#377=CIRCLE('',#1204,10.9302198215193);
#378=CIRCLE('',#1206,12.9455816277249);
#379=CIRCLE('',#1208,14.0612283418745);
#380=CIRCLE('',#1210,14.675619173169);
#381=CIRCLE('',#1211,14.675619173169);
#382=CIRCLE('',#1213,14.2500000000125);
#383=CIRCLE('',#1215,6.21499999998377);
#384=CIRCLE('',#1216,6.21499999998377);
#385=CIRCLE('',#1218,6.51499999998395);
#386=CIRCLE('',#1220,6.5149999999835);
#387=CIRCLE('',#1222,5.09999999999991);
#388=CIRCLE('',#1223,5.09999999999991);
#389=CIRCLE('',#1224,5.09999999999991);
#390=CIRCLE('',#1226,4.90000000000008);
#391=CIRCLE('',#1227,4.90000000000008);
#392=CIRCLE('',#1229,4.90000000000009);
#393=CIRCLE('',#1231,5.49999999988813);
#394=CIRCLE('',#1232,5.5);
#395=CIRCLE('',#1234,6.);
#396=CIRCLE('',#1235,5.70000000000006);
#397=CIRCLE('',#1236,6.);
#398=CIRCLE('',#1238,5.99999999988813);
#399=CIRCLE('',#1240,5.70000000000005);
#400=CIRCLE('',#1241,5.70000000000005);
#401=CIRCLE('',#1243,8.);
#402=CIRCLE('',#1244,7.70000000017104);
#403=CIRCLE('',#1245,8.);
#404=CIRCLE('',#1247,8.);
#405=CIRCLE('',#1249,11.1000000000001);
#406=CIRCLE('',#1250,10.8000000000002);
#407=CIRCLE('',#1251,11.1000000000001);
#408=CIRCLE('',#1253,11.1000000000001);
#409=CIRCLE('',#1255,14.7999999999999);
#410=CIRCLE('',#1256,14.5);
#411=CIRCLE('',#1257,14.7999999999999);
#412=CIRCLE('',#1259,14.8000000000895);
#413=CIRCLE('',#1261,15.5);
#414=CIRCLE('',#1262,15.2000358744999);
#415=CIRCLE('',#1263,15.5);
#416=CIRCLE('',#1265,15.5000000001796);
#417=CIRCLE('',#1267,15.2000358744999);
#418=CIRCLE('',#1269,14.250000000025);
#419=CIRCLE('',#1270,14.3500358744996);
#420=CIRCLE('',#1271,14.250000000025);
#421=CIRCLE('',#1273,8.);
#422=CIRCLE('',#1287,7.5000000000224);
#423=CIRCLE('',#1288,15.1200075019722);
#424=CIRCLE('',#1289,6.46109315799072);
#425=CIRCLE('',#1291,7.5000000000224);
#426=CIRCLE('',#1292,7.40000000002237);
#427=CIRCLE('',#1293,7.5000000000224);
#428=CIRCLE('',#1298,13.4999999999648);
#429=CIRCLE('',#1299,13.4999999999648);
#430=CIRCLE('',#1301,11.3099999999647);
#431=CIRCLE('',#1302,11.3099999999647);
#432=CIRCLE('',#1307,14.2499999999995);
#433=CIRCLE('',#1308,14.2499999999995);
#434=CIRCLE('',#1309,31.0099999998356);
#435=CIRCLE('',#1310,14.2499999999986);
#436=CIRCLE('',#1314,14.3999550000001);
#437=CIRCLE('',#1315,14.3999549999999);
#438=CIRCLE('',#1317,13.999955);
#439=CIRCLE('',#1318,13.9999550000402);
#440=CIRCLE('',#1319,13.9999550000402);
#441=CIRCLE('',#1321,13.7100000000005);
#442=CIRCLE('',#1322,13.7100000000005);
#443=CIRCLE('',#1324,13.7100000000003);
#444=CIRCLE('',#1326,15.5500358744996);
#445=CIRCLE('',#1327,15.5500358744996);
#446=CIRCLE('',#1329,15.2500358744999);
#447=CIRCLE('',#1330,15.2500358744999);
#448=CIRCLE('',#1332,16.0500358744996);
#449=CIRCLE('',#1334,16.5);
#450=CIRCLE('',#1335,16.3999999999999);
#451=CIRCLE('',#1336,16.5);
#452=CIRCLE('',#1338,16.5);
#453=CIRCLE('',#1340,16.2);
#454=CIRCLE('',#1342,15.199955);
#455=CIRCLE('',#1343,15.2999550000002);
#456=CIRCLE('',#1344,15.199955);
#457=CIRCLE('',#1346,15.199955);
#458=CIRCLE('',#1348,14.7999550000002);
#459=CIRCLE('',#1349,14.799955);
#460=VERTEX_POINT('',#1743);
#461=VERTEX_POINT('',#1744);
#462=VERTEX_POINT('',#1746);
#463=VERTEX_POINT('',#1751);
#464=VERTEX_POINT('',#1755);
#465=VERTEX_POINT('',#1759);
#466=VERTEX_POINT('',#1763);
#467=VERTEX_POINT('',#1765);
#468=VERTEX_POINT('',#1769);
#469=VERTEX_POINT('',#1773);
#470=VERTEX_POINT('',#1775);
#471=VERTEX_POINT('',#1779);
#472=VERTEX_POINT('',#1783);
#473=VERTEX_POINT('',#1787);
#474=VERTEX_POINT('',#1789);
#475=VERTEX_POINT('',#1791);
#476=VERTEX_POINT('',#1795);
#477=VERTEX_POINT('',#1796);
#478=VERTEX_POINT('',#1801);
#479=VERTEX_POINT('',#1805);
#480=VERTEX_POINT('',#1807);
#481=VERTEX_POINT('',#1811);
#482=VERTEX_POINT('',#1812);
#483=VERTEX_POINT('',#1814);
#484=VERTEX_POINT('',#1819);
#485=VERTEX_POINT('',#1823);
#486=VERTEX_POINT('',#1825);
#487=VERTEX_POINT('',#1829);
#488=VERTEX_POINT('',#1830);
#489=VERTEX_POINT('',#1832);
#490=VERTEX_POINT('',#1837);
#491=VERTEX_POINT('',#1841);
#492=VERTEX_POINT('',#1842);
#493=VERTEX_POINT('',#1844);
#494=VERTEX_POINT('',#1849);
#495=VERTEX_POINT('',#1853);
#496=VERTEX_POINT('',#1854);
#497=VERTEX_POINT('',#1856);
#498=VERTEX_POINT('',#1861);
#499=VERTEX_POINT('',#1865);
#500=VERTEX_POINT('',#1866);
#501=VERTEX_POINT('',#1868);
#502=VERTEX_POINT('',#1873);
#503=VERTEX_POINT('',#1877);
#504=VERTEX_POINT('',#1881);
#505=VERTEX_POINT('',#1882);
#506=VERTEX_POINT('',#1884);
#507=VERTEX_POINT('',#1889);
#508=VERTEX_POINT('',#1906);
#509=VERTEX_POINT('',#1908);
#510=VERTEX_POINT('',#1937);
#511=VERTEX_POINT('',#1938);
#512=VERTEX_POINT('',#1942);
#513=VERTEX_POINT('',#1943);
#514=VERTEX_POINT('',#1945);
#515=VERTEX_POINT('',#1954);
#516=VERTEX_POINT('',#1956);
#517=VERTEX_POINT('',#1960);
#518=VERTEX_POINT('',#1962);
#519=VERTEX_POINT('',#1969);
#520=VERTEX_POINT('',#1970);
#521=VERTEX_POINT('',#1972);
#522=VERTEX_POINT('',#2002);
#523=VERTEX_POINT('',#2003);
#524=VERTEX_POINT('',#2010);
#525=VERTEX_POINT('',#2012);
#526=VERTEX_POINT('',#2016);
#527=VERTEX_POINT('',#2018);
#528=VERTEX_POINT('',#2020);
#529=VERTEX_POINT('',#2024);
#530=VERTEX_POINT('',#2025);
#531=VERTEX_POINT('',#2030);
#532=VERTEX_POINT('',#2034);
#533=VERTEX_POINT('',#2036);
#534=VERTEX_POINT('',#2040);
#535=VERTEX_POINT('',#2042);
#536=VERTEX_POINT('',#2046);
#537=VERTEX_POINT('',#2050);
#538=VERTEX_POINT('',#2051);
#539=VERTEX_POINT('',#2053);
#540=VERTEX_POINT('',#2058);
#541=VERTEX_POINT('',#2062);
#542=VERTEX_POINT('',#2066);
#543=VERTEX_POINT('',#2067);
#544=VERTEX_POINT('',#2069);
#545=VERTEX_POINT('',#2074);
#546=VERTEX_POINT('',#2078);
#547=VERTEX_POINT('',#2080);
#548=EDGE_CURVE('',#460,#461,#374,.T.);
#549=EDGE_CURVE('',#461,#462,#278,.T.);
#550=EDGE_CURVE('',#462,#462,#375,.T.);
#551=EDGE_CURVE('',#461,#460,#376,.T.);
#552=EDGE_CURVE('',#460,#463,#279,.T.);
#553=EDGE_CURVE('',#463,#463,#377,.T.);
#554=EDGE_CURVE('',#463,#464,#280,.T.);
#555=EDGE_CURVE('',#464,#464,#378,.T.);
#556=EDGE_CURVE('',#464,#465,#281,.T.);
#557=EDGE_CURVE('',#465,#465,#379,.T.);
#558=EDGE_CURVE('',#465,#466,#282,.T.);
#559=EDGE_CURVE('',#466,#467,#380,.T.);
#560=EDGE_CURVE('',#467,#466,#381,.T.);
#561=EDGE_CURVE('',#468,#468,#382,.T.);
#562=EDGE_CURVE('',#468,#467,#283,.T.);
#563=EDGE_CURVE('',#469,#469,#383,.T.);
#564=EDGE_CURVE('',#469,#470,#284,.T.);
#565=EDGE_CURVE('',#470,#470,#384,.T.);
#566=EDGE_CURVE('',#470,#471,#285,.T.);
#567=EDGE_CURVE('',#471,#471,#385,.T.);
#568=EDGE_CURVE('',#471,#472,#286,.T.);
#569=EDGE_CURVE('',#472,#472,#386,.T.);
#570=EDGE_CURVE('',#473,#473,#387,.T.);
#571=EDGE_CURVE('',#473,#474,#287,.T.);
#572=EDGE_CURVE('',#474,#475,#388,.T.);
#573=EDGE_CURVE('',#475,#474,#389,.T.);
#574=EDGE_CURVE('',#476,#477,#390,.T.);
#575=EDGE_CURVE('',#477,#475,#288,.T.);
#576=EDGE_CURVE('',#477,#476,#391,.T.);
#577=EDGE_CURVE('',#476,#478,#289,.T.);
#578=EDGE_CURVE('',#478,#478,#392,.T.);
#579=EDGE_CURVE('',#479,#479,#393,.T.);
#580=EDGE_CURVE('',#479,#480,#290,.T.);
#581=EDGE_CURVE('',#480,#480,#394,.T.);
#582=EDGE_CURVE('',#481,#482,#395,.T.);
#583=EDGE_CURVE('',#482,#483,#291,.T.);
#584=EDGE_CURVE('',#483,#483,#396,.T.);
#585=EDGE_CURVE('',#482,#481,#397,.T.);
#586=EDGE_CURVE('',#481,#484,#292,.T.);
#587=EDGE_CURVE('',#484,#484,#398,.T.);
#588=EDGE_CURVE('',#485,#485,#399,.T.);
#589=EDGE_CURVE('',#485,#486,#293,.T.);
#590=EDGE_CURVE('',#486,#486,#400,.T.);
#591=EDGE_CURVE('',#487,#488,#401,.T.);
#592=EDGE_CURVE('',#488,#489,#294,.T.);
#593=EDGE_CURVE('',#489,#489,#402,.T.);
#594=EDGE_CURVE('',#488,#487,#403,.T.);
#595=EDGE_CURVE('',#487,#490,#295,.T.);
#596=EDGE_CURVE('',#490,#490,#404,.T.);
#597=EDGE_CURVE('',#491,#492,#405,.T.);
#598=EDGE_CURVE('',#492,#493,#296,.T.);
#599=EDGE_CURVE('',#493,#493,#406,.T.);
#600=EDGE_CURVE('',#492,#491,#407,.T.);
#601=EDGE_CURVE('',#491,#494,#297,.T.);
#602=EDGE_CURVE('',#494,#494,#408,.T.);
#603=EDGE_CURVE('',#495,#496,#409,.T.);
#604=EDGE_CURVE('',#496,#497,#298,.T.);
#605=EDGE_CURVE('',#497,#497,#410,.T.);
#606=EDGE_CURVE('',#496,#495,#411,.T.);
#607=EDGE_CURVE('',#495,#498,#299,.T.);
#608=EDGE_CURVE('',#498,#498,#412,.T.);
#609=EDGE_CURVE('',#499,#500,#413,.T.);
#610=EDGE_CURVE('',#500,#501,#300,.T.);
#611=EDGE_CURVE('',#501,#501,#414,.T.);
#612=EDGE_CURVE('',#500,#499,#415,.T.);
#613=EDGE_CURVE('',#499,#502,#301,.T.);
#614=EDGE_CURVE('',#502,#502,#416,.T.);
#615=EDGE_CURVE('',#502,#503,#302,.T.);
#616=EDGE_CURVE('',#503,#503,#417,.T.);
#617=EDGE_CURVE('',#504,#505,#418,.T.);
#618=EDGE_CURVE('',#505,#506,#303,.T.);
#619=EDGE_CURVE('',#506,#506,#419,.T.);
#620=EDGE_CURVE('',#505,#504,#420,.T.);
#621=EDGE_CURVE('',#462,#507,#304,.T.);
#622=EDGE_CURVE('',#507,#507,#421,.T.);
#623=EDGE_CURVE('',#504,#468,#305,.T.);
#624=EDGE_CURVE('',#508,#508,#422,.T.);
#625=EDGE_CURVE('',#508,#509,#306,.T.);
#626=EDGE_CURVE('',#510,#511,#423,.T.);
#627=EDGE_CURVE('',#511,#511,#424,.T.);
#628=EDGE_CURVE('',#512,#513,#425,.T.);
#629=EDGE_CURVE('',#513,#514,#307,.T.);
#630=EDGE_CURVE('',#514,#514,#426,.T.);
#631=EDGE_CURVE('',#513,#512,#427,.T.);
#632=EDGE_CURVE('',#512,#508,#308,.T.);
#633=EDGE_CURVE('',#515,#515,#428,.T.);
#634=EDGE_CURVE('',#515,#516,#309,.T.);
#635=EDGE_CURVE('',#516,#516,#429,.T.);
#636=EDGE_CURVE('',#517,#517,#430,.T.);
#637=EDGE_CURVE('',#517,#518,#310,.T.);
#638=EDGE_CURVE('',#518,#518,#431,.T.);
#639=EDGE_CURVE('',#519,#520,#311,.T.);
#640=EDGE_CURVE('',#521,#520,#432,.T.);
#641=EDGE_CURVE('',#520,#521,#433,.T.);
#642=EDGE_CURVE('',#522,#523,#434,.T.);
#643=EDGE_CURVE('',#523,#523,#435,.T.);
#644=EDGE_CURVE('',#523,#521,#312,.T.);
#645=EDGE_CURVE('',#524,#524,#436,.T.);
#646=EDGE_CURVE('',#524,#525,#313,.T.);
#647=EDGE_CURVE('',#525,#525,#437,.T.);
#648=EDGE_CURVE('',#526,#526,#438,.T.);
#649=EDGE_CURVE('',#526,#527,#314,.T.);
#650=EDGE_CURVE('',#527,#528,#439,.T.);
#651=EDGE_CURVE('',#528,#527,#440,.T.);
#652=EDGE_CURVE('',#529,#530,#441,.T.);
#653=EDGE_CURVE('',#530,#528,#315,.T.);
#654=EDGE_CURVE('',#530,#529,#442,.T.);
#655=EDGE_CURVE('',#529,#531,#316,.T.);
#656=EDGE_CURVE('',#531,#531,#443,.T.);
#657=EDGE_CURVE('',#532,#532,#444,.T.);
#658=EDGE_CURVE('',#532,#533,#317,.T.);
#659=EDGE_CURVE('',#533,#533,#445,.T.);
#660=EDGE_CURVE('',#534,#534,#446,.T.);
#661=EDGE_CURVE('',#534,#535,#318,.T.);
#662=EDGE_CURVE('',#535,#535,#447,.T.);
#663=EDGE_CURVE('',#535,#536,#319,.T.);
#664=EDGE_CURVE('',#536,#536,#448,.T.);
#665=EDGE_CURVE('',#537,#538,#449,.T.);
#666=EDGE_CURVE('',#538,#539,#320,.T.);
#667=EDGE_CURVE('',#539,#539,#450,.T.);
#668=EDGE_CURVE('',#538,#537,#451,.T.);
#669=EDGE_CURVE('',#537,#540,#321,.T.);
#670=EDGE_CURVE('',#540,#540,#452,.T.);
#671=EDGE_CURVE('',#540,#541,#322,.T.);
#672=EDGE_CURVE('',#541,#541,#453,.T.);
#673=EDGE_CURVE('',#542,#543,#454,.T.);
#674=EDGE_CURVE('',#543,#544,#323,.T.);
#675=EDGE_CURVE('',#544,#544,#455,.T.);
#676=EDGE_CURVE('',#543,#542,#456,.T.);
#677=EDGE_CURVE('',#542,#545,#324,.T.);
#678=EDGE_CURVE('',#545,#545,#457,.T.);
#679=EDGE_CURVE('',#546,#546,#458,.T.);
#680=EDGE_CURVE('',#546,#547,#325,.T.);
#681=EDGE_CURVE('',#547,#547,#459,.T.);
#682=ORIENTED_EDGE('',*,*,#548,.T.);
#683=ORIENTED_EDGE('',*,*,#549,.T.);
#684=ORIENTED_EDGE('',*,*,#550,.F.);
#685=ORIENTED_EDGE('',*,*,#549,.F.);
#686=ORIENTED_EDGE('',*,*,#551,.T.);
#687=ORIENTED_EDGE('',*,*,#548,.F.);
#688=ORIENTED_EDGE('',*,*,#552,.T.);
#689=ORIENTED_EDGE('',*,*,#553,.T.);
#690=ORIENTED_EDGE('',*,*,#552,.F.);
#691=ORIENTED_EDGE('',*,*,#551,.F.);
#692=ORIENTED_EDGE('',*,*,#553,.F.);
#693=ORIENTED_EDGE('',*,*,#554,.T.);
#694=ORIENTED_EDGE('',*,*,#555,.T.);
#695=ORIENTED_EDGE('',*,*,#554,.F.);
#696=ORIENTED_EDGE('',*,*,#555,.F.);
#697=ORIENTED_EDGE('',*,*,#556,.T.);
#698=ORIENTED_EDGE('',*,*,#557,.T.);
#699=ORIENTED_EDGE('',*,*,#556,.F.);
#700=ORIENTED_EDGE('',*,*,#557,.F.);
#701=ORIENTED_EDGE('',*,*,#558,.T.);
#702=ORIENTED_EDGE('',*,*,#559,.T.);
#703=ORIENTED_EDGE('',*,*,#560,.T.);
#704=ORIENTED_EDGE('',*,*,#558,.F.);
#705=ORIENTED_EDGE('',*,*,#561,.F.);
#706=ORIENTED_EDGE('',*,*,#562,.T.);
#707=ORIENTED_EDGE('',*,*,#559,.F.);
#708=ORIENTED_EDGE('',*,*,#560,.F.);
#709=ORIENTED_EDGE('',*,*,#562,.F.);
#710=ORIENTED_EDGE('',*,*,#563,.F.);
#711=ORIENTED_EDGE('',*,*,#564,.T.);
#712=ORIENTED_EDGE('',*,*,#565,.T.);
#713=ORIENTED_EDGE('',*,*,#564,.F.);
#714=ORIENTED_EDGE('',*,*,#565,.F.);
#715=ORIENTED_EDGE('',*,*,#566,.T.);
#716=ORIENTED_EDGE('',*,*,#567,.T.);
#717=ORIENTED_EDGE('',*,*,#566,.F.);
#718=ORIENTED_EDGE('',*,*,#567,.F.);
#719=ORIENTED_EDGE('',*,*,#568,.T.);
#720=ORIENTED_EDGE('',*,*,#569,.T.);
#721=ORIENTED_EDGE('',*,*,#568,.F.);
#722=ORIENTED_EDGE('',*,*,#570,.F.);
#723=ORIENTED_EDGE('',*,*,#571,.T.);
#724=ORIENTED_EDGE('',*,*,#572,.T.);
#725=ORIENTED_EDGE('',*,*,#573,.T.);
#726=ORIENTED_EDGE('',*,*,#571,.F.);
#727=ORIENTED_EDGE('',*,*,#574,.T.);
#728=ORIENTED_EDGE('',*,*,#575,.T.);
#729=ORIENTED_EDGE('',*,*,#572,.F.);
#730=ORIENTED_EDGE('',*,*,#573,.F.);
#731=ORIENTED_EDGE('',*,*,#575,.F.);
#732=ORIENTED_EDGE('',*,*,#576,.T.);
#733=ORIENTED_EDGE('',*,*,#574,.F.);
#734=ORIENTED_EDGE('',*,*,#577,.T.);
#735=ORIENTED_EDGE('',*,*,#578,.T.);
#736=ORIENTED_EDGE('',*,*,#577,.F.);
#737=ORIENTED_EDGE('',*,*,#576,.F.);
#738=ORIENTED_EDGE('',*,*,#579,.F.);
#739=ORIENTED_EDGE('',*,*,#580,.T.);
#740=ORIENTED_EDGE('',*,*,#581,.T.);
#741=ORIENTED_EDGE('',*,*,#580,.F.);
#742=ORIENTED_EDGE('',*,*,#582,.T.);
#743=ORIENTED_EDGE('',*,*,#583,.T.);
#744=ORIENTED_EDGE('',*,*,#584,.F.);
#745=ORIENTED_EDGE('',*,*,#583,.F.);
#746=ORIENTED_EDGE('',*,*,#585,.T.);
#747=ORIENTED_EDGE('',*,*,#582,.F.);
#748=ORIENTED_EDGE('',*,*,#586,.T.);
#749=ORIENTED_EDGE('',*,*,#587,.T.);
#750=ORIENTED_EDGE('',*,*,#586,.F.);
#751=ORIENTED_EDGE('',*,*,#585,.F.);
#752=ORIENTED_EDGE('',*,*,#588,.F.);
#753=ORIENTED_EDGE('',*,*,#589,.T.);
#754=ORIENTED_EDGE('',*,*,#590,.T.);
#755=ORIENTED_EDGE('',*,*,#589,.F.);
#756=ORIENTED_EDGE('',*,*,#591,.T.);
#757=ORIENTED_EDGE('',*,*,#592,.T.);
#758=ORIENTED_EDGE('',*,*,#593,.F.);
#759=ORIENTED_EDGE('',*,*,#592,.F.);
#760=ORIENTED_EDGE('',*,*,#594,.T.);
#761=ORIENTED_EDGE('',*,*,#591,.F.);
#762=ORIENTED_EDGE('',*,*,#595,.T.);
#763=ORIENTED_EDGE('',*,*,#596,.T.);
#764=ORIENTED_EDGE('',*,*,#595,.F.);
#765=ORIENTED_EDGE('',*,*,#594,.F.);
#766=ORIENTED_EDGE('',*,*,#597,.T.);
#767=ORIENTED_EDGE('',*,*,#598,.T.);
#768=ORIENTED_EDGE('',*,*,#599,.F.);
#769=ORIENTED_EDGE('',*,*,#598,.F.);
#770=ORIENTED_EDGE('',*,*,#600,.T.);
#771=ORIENTED_EDGE('',*,*,#597,.F.);
#772=ORIENTED_EDGE('',*,*,#601,.T.);
#773=ORIENTED_EDGE('',*,*,#602,.T.);
#774=ORIENTED_EDGE('',*,*,#601,.F.);
#775=ORIENTED_EDGE('',*,*,#600,.F.);
#776=ORIENTED_EDGE('',*,*,#603,.T.);
#777=ORIENTED_EDGE('',*,*,#604,.T.);
#778=ORIENTED_EDGE('',*,*,#605,.F.);
#779=ORIENTED_EDGE('',*,*,#604,.F.);
#780=ORIENTED_EDGE('',*,*,#606,.T.);
#781=ORIENTED_EDGE('',*,*,#603,.F.);
#782=ORIENTED_EDGE('',*,*,#607,.T.);
#783=ORIENTED_EDGE('',*,*,#608,.T.);
#784=ORIENTED_EDGE('',*,*,#607,.F.);
#785=ORIENTED_EDGE('',*,*,#606,.F.);
#786=ORIENTED_EDGE('',*,*,#609,.T.);
#787=ORIENTED_EDGE('',*,*,#610,.T.);
#788=ORIENTED_EDGE('',*,*,#611,.F.);
#789=ORIENTED_EDGE('',*,*,#610,.F.);
#790=ORIENTED_EDGE('',*,*,#612,.T.);
#791=ORIENTED_EDGE('',*,*,#609,.F.);
#792=ORIENTED_EDGE('',*,*,#613,.T.);
#793=ORIENTED_EDGE('',*,*,#614,.T.);
#794=ORIENTED_EDGE('',*,*,#613,.F.);
#795=ORIENTED_EDGE('',*,*,#612,.F.);
#796=ORIENTED_EDGE('',*,*,#614,.F.);
#797=ORIENTED_EDGE('',*,*,#615,.T.);
#798=ORIENTED_EDGE('',*,*,#616,.T.);
#799=ORIENTED_EDGE('',*,*,#615,.F.);
#800=ORIENTED_EDGE('',*,*,#617,.T.);
#801=ORIENTED_EDGE('',*,*,#618,.T.);
#802=ORIENTED_EDGE('',*,*,#619,.F.);
#803=ORIENTED_EDGE('',*,*,#618,.F.);
#804=ORIENTED_EDGE('',*,*,#620,.T.);
#805=ORIENTED_EDGE('',*,*,#550,.T.);
#806=ORIENTED_EDGE('',*,*,#621,.T.);
#807=ORIENTED_EDGE('',*,*,#622,.T.);
#808=ORIENTED_EDGE('',*,*,#621,.F.);
#809=ORIENTED_EDGE('',*,*,#617,.F.);
#810=ORIENTED_EDGE('',*,*,#623,.T.);
#811=ORIENTED_EDGE('',*,*,#561,.T.);
#812=ORIENTED_EDGE('',*,*,#623,.F.);
#813=ORIENTED_EDGE('',*,*,#620,.F.);
#814=ORIENTED_EDGE('',*,*,#616,.F.);
#815=ORIENTED_EDGE('',*,*,#619,.T.);
#816=ORIENTED_EDGE('',*,*,#611,.T.);
#817=ORIENTED_EDGE('',*,*,#608,.F.);
#818=ORIENTED_EDGE('',*,*,#605,.T.);
#819=ORIENTED_EDGE('',*,*,#602,.F.);
#820=ORIENTED_EDGE('',*,*,#599,.T.);
#821=ORIENTED_EDGE('',*,*,#596,.F.);
#822=ORIENTED_EDGE('',*,*,#593,.T.);
#823=ORIENTED_EDGE('',*,*,#590,.F.);
#824=ORIENTED_EDGE('',*,*,#587,.F.);
#825=ORIENTED_EDGE('',*,*,#588,.T.);
#826=ORIENTED_EDGE('',*,*,#584,.T.);
#827=ORIENTED_EDGE('',*,*,#581,.F.);
#828=ORIENTED_EDGE('',*,*,#579,.T.);
#829=ORIENTED_EDGE('',*,*,#578,.F.);
#830=ORIENTED_EDGE('',*,*,#569,.F.);
#831=ORIENTED_EDGE('',*,*,#570,.T.);
#832=ORIENTED_EDGE('',*,*,#622,.F.);
#833=ORIENTED_EDGE('',*,*,#563,.T.);
#834=ORIENTED_EDGE('',*,*,#624,.T.);
#835=ORIENTED_EDGE('',*,*,#625,.T.);
#836=ORIENTED_EDGE('',*,*,#625,.F.);
#837=ORIENTED_EDGE('',*,*,#626,.T.);
#838=ORIENTED_EDGE('',*,*,#627,.T.);
#839=ORIENTED_EDGE('',*,*,#626,.F.);
#840=ORIENTED_EDGE('',*,*,#628,.T.);
#841=ORIENTED_EDGE('',*,*,#629,.T.);
#842=ORIENTED_EDGE('',*,*,#630,.F.);
#843=ORIENTED_EDGE('',*,*,#629,.F.);
#844=ORIENTED_EDGE('',*,*,#631,.T.);
#845=ORIENTED_EDGE('',*,*,#628,.F.);
#846=ORIENTED_EDGE('',*,*,#632,.T.);
#847=ORIENTED_EDGE('',*,*,#624,.F.);
#848=ORIENTED_EDGE('',*,*,#632,.F.);
#849=ORIENTED_EDGE('',*,*,#631,.F.);
#850=ORIENTED_EDGE('',*,*,#630,.T.);
#851=ORIENTED_EDGE('',*,*,#627,.F.);
#852=ORIENTED_EDGE('',*,*,#633,.F.);
#853=ORIENTED_EDGE('',*,*,#634,.T.);
#854=ORIENTED_EDGE('',*,*,#635,.T.);
#855=ORIENTED_EDGE('',*,*,#634,.F.);
#856=ORIENTED_EDGE('',*,*,#636,.F.);
#857=ORIENTED_EDGE('',*,*,#637,.T.);
#858=ORIENTED_EDGE('',*,*,#638,.T.);
#859=ORIENTED_EDGE('',*,*,#637,.F.);
#860=ORIENTED_EDGE('',*,*,#635,.F.);
#861=ORIENTED_EDGE('',*,*,#636,.T.);
#862=ORIENTED_EDGE('',*,*,#633,.T.);
#863=ORIENTED_EDGE('',*,*,#638,.F.);
#864=ORIENTED_EDGE('',*,*,#639,.T.);
#865=ORIENTED_EDGE('',*,*,#640,.F.);
#866=ORIENTED_EDGE('',*,*,#641,.F.);
#867=ORIENTED_EDGE('',*,*,#639,.F.);
#868=ORIENTED_EDGE('',*,*,#642,.T.);
#869=ORIENTED_EDGE('',*,*,#643,.T.);
#870=ORIENTED_EDGE('',*,*,#642,.F.);
#871=ORIENTED_EDGE('',*,*,#643,.F.);
#872=ORIENTED_EDGE('',*,*,#644,.T.);
#873=ORIENTED_EDGE('',*,*,#640,.T.);
#874=ORIENTED_EDGE('',*,*,#641,.T.);
#875=ORIENTED_EDGE('',*,*,#644,.F.);
#876=ORIENTED_EDGE('',*,*,#645,.F.);
#877=ORIENTED_EDGE('',*,*,#646,.T.);
#878=ORIENTED_EDGE('',*,*,#647,.T.);
#879=ORIENTED_EDGE('',*,*,#646,.F.);
#880=ORIENTED_EDGE('',*,*,#648,.F.);
#881=ORIENTED_EDGE('',*,*,#649,.T.);
#882=ORIENTED_EDGE('',*,*,#650,.T.);
#883=ORIENTED_EDGE('',*,*,#651,.T.);
#884=ORIENTED_EDGE('',*,*,#649,.F.);
#885=ORIENTED_EDGE('',*,*,#652,.T.);
#886=ORIENTED_EDGE('',*,*,#653,.T.);
#887=ORIENTED_EDGE('',*,*,#650,.F.);
#888=ORIENTED_EDGE('',*,*,#651,.F.);
#889=ORIENTED_EDGE('',*,*,#653,.F.);
#890=ORIENTED_EDGE('',*,*,#654,.T.);
#891=ORIENTED_EDGE('',*,*,#652,.F.);
#892=ORIENTED_EDGE('',*,*,#655,.T.);
#893=ORIENTED_EDGE('',*,*,#656,.T.);
#894=ORIENTED_EDGE('',*,*,#655,.F.);
#895=ORIENTED_EDGE('',*,*,#654,.F.);
#896=ORIENTED_EDGE('',*,*,#657,.F.);
#897=ORIENTED_EDGE('',*,*,#658,.T.);
#898=ORIENTED_EDGE('',*,*,#659,.T.);
#899=ORIENTED_EDGE('',*,*,#658,.F.);
#900=ORIENTED_EDGE('',*,*,#660,.F.);
#901=ORIENTED_EDGE('',*,*,#661,.T.);
#902=ORIENTED_EDGE('',*,*,#662,.T.);
#903=ORIENTED_EDGE('',*,*,#661,.F.);
#904=ORIENTED_EDGE('',*,*,#662,.F.);
#905=ORIENTED_EDGE('',*,*,#663,.T.);
#906=ORIENTED_EDGE('',*,*,#664,.T.);
#907=ORIENTED_EDGE('',*,*,#663,.F.);
#908=ORIENTED_EDGE('',*,*,#665,.T.);
#909=ORIENTED_EDGE('',*,*,#666,.T.);
#910=ORIENTED_EDGE('',*,*,#667,.F.);
#911=ORIENTED_EDGE('',*,*,#666,.F.);
#912=ORIENTED_EDGE('',*,*,#668,.T.);
#913=ORIENTED_EDGE('',*,*,#665,.F.);
#914=ORIENTED_EDGE('',*,*,#669,.T.);
#915=ORIENTED_EDGE('',*,*,#670,.T.);
#916=ORIENTED_EDGE('',*,*,#669,.F.);
#917=ORIENTED_EDGE('',*,*,#668,.F.);
#918=ORIENTED_EDGE('',*,*,#670,.F.);
#919=ORIENTED_EDGE('',*,*,#671,.T.);
#920=ORIENTED_EDGE('',*,*,#672,.T.);
#921=ORIENTED_EDGE('',*,*,#671,.F.);
#922=ORIENTED_EDGE('',*,*,#673,.T.);
#923=ORIENTED_EDGE('',*,*,#674,.T.);
#924=ORIENTED_EDGE('',*,*,#675,.F.);
#925=ORIENTED_EDGE('',*,*,#674,.F.);
#926=ORIENTED_EDGE('',*,*,#676,.T.);
#927=ORIENTED_EDGE('',*,*,#673,.F.);
#928=ORIENTED_EDGE('',*,*,#677,.T.);
#929=ORIENTED_EDGE('',*,*,#678,.T.);
#930=ORIENTED_EDGE('',*,*,#677,.F.);
#931=ORIENTED_EDGE('',*,*,#676,.F.);
#932=ORIENTED_EDGE('',*,*,#679,.F.);
#933=ORIENTED_EDGE('',*,*,#680,.T.);
#934=ORIENTED_EDGE('',*,*,#681,.T.);
#935=ORIENTED_EDGE('',*,*,#680,.F.);
#936=ORIENTED_EDGE('',*,*,#678,.F.);
#937=ORIENTED_EDGE('',*,*,#679,.T.);
#938=ORIENTED_EDGE('',*,*,#672,.F.);
#939=ORIENTED_EDGE('',*,*,#675,.T.);
#940=ORIENTED_EDGE('',*,*,#667,.T.);
#941=ORIENTED_EDGE('',*,*,#664,.F.);
#942=ORIENTED_EDGE('',*,*,#659,.F.);
#943=ORIENTED_EDGE('',*,*,#660,.T.);
#944=ORIENTED_EDGE('',*,*,#657,.T.);
#945=ORIENTED_EDGE('',*,*,#656,.F.);
#946=ORIENTED_EDGE('',*,*,#647,.F.);
#947=ORIENTED_EDGE('',*,*,#648,.T.);
#948=ORIENTED_EDGE('',*,*,#681,.F.);
#949=ORIENTED_EDGE('',*,*,#645,.T.);
#950=CONICAL_SURFACE('',#1199,6787.54324766209,1.42451990463952);
#951=CONICAL_SURFACE('',#1203,10.4983565773324,0.0565434369448172);
#952=CONICAL_SURFACE('',#1205,10.9302198215193,1.35970299357215);
#953=CONICAL_SURFACE('',#1207,12.9455816277249,0.104000514765326);
#954=CONICAL_SURFACE('',#1209,14.0612283418745,0.0565434369448172);
#955=CONICAL_SURFACE('',#1212,14.675619173169,1.52825107047639);
#956=CONICAL_SURFACE('',#1217,6.21499999998377,0.785398163038384);
#957=CONICAL_SURFACE('',#1225,4.90000000000008,0.785398162995305);
#958=CONICAL_SURFACE('',#1233,5.70000000000006,0.785398163397243);
#959=CONICAL_SURFACE('',#1242,7.70000000017104,0.785398163112079);
#960=CONICAL_SURFACE('',#1248,11.1000000000001,0.785398163318244);
#961=CONICAL_SURFACE('',#1254,14.7999999999999,0.785398163166652);
#962=CONICAL_SURFACE('',#1260,15.5,0.785398163225394);
#963=CONICAL_SURFACE('',#1266,15.2000358744999,0.785398163396879);
#964=CONICAL_SURFACE('',#1268,14.3500358744996,0.785398163396304);
#965=CONICAL_SURFACE('',#1286,6787.54324766209,1.42451990463952);
#966=CONICAL_SURFACE('',#1290,7.5000000000224,0.78539816339688);
#967=CONICAL_SURFACE('',#1306,14.675619173169,1.52825107047639);
#968=CONICAL_SURFACE('',#1320,13.7100000000005,0.785398163396665);
#969=CONICAL_SURFACE('',#1331,15.2500358744999,0.78539816323182);
#970=CONICAL_SURFACE('',#1333,16.5,0.785398163859015);
#971=CONICAL_SURFACE('',#1339,16.5,0.785398163107929);
#972=CONICAL_SURFACE('',#1341,15.2999550000002,0.785398162296961);
#973=ADVANCED_FACE('',(#118),#950,.T.);
#974=ADVANCED_FACE('',(#119),#951,.F.);
#975=ADVANCED_FACE('',(#120),#952,.F.);
#976=ADVANCED_FACE('',(#121),#953,.F.);
#977=ADVANCED_FACE('',(#122),#954,.F.);
#978=ADVANCED_FACE('',(#123),#955,.F.);
#979=ADVANCED_FACE('',(#124),#93,.F.);
#980=ADVANCED_FACE('',(#125),#956,.F.);
#981=ADVANCED_FACE('',(#126),#94,.F.);
#982=ADVANCED_FACE('',(#127),#95,.F.);
#983=ADVANCED_FACE('',(#128),#957,.F.);
#984=ADVANCED_FACE('',(#129),#96,.F.);
#985=ADVANCED_FACE('',(#130),#97,.F.);
#986=ADVANCED_FACE('',(#131),#958,.T.);
#987=ADVANCED_FACE('',(#132),#98,.T.);
#988=ADVANCED_FACE('',(#133),#99,.T.);
#989=ADVANCED_FACE('',(#134),#959,.T.);
#990=ADVANCED_FACE('',(#135),#100,.T.);
#991=ADVANCED_FACE('',(#136),#960,.T.);
#992=ADVANCED_FACE('',(#137),#101,.T.);
#993=ADVANCED_FACE('',(#138),#961,.T.);
#994=ADVANCED_FACE('',(#139),#102,.T.);
#995=ADVANCED_FACE('',(#140),#962,.T.);
#996=ADVANCED_FACE('',(#141),#103,.T.);
#997=ADVANCED_FACE('',(#142),#963,.T.);
#998=ADVANCED_FACE('',(#143),#964,.F.);
#999=ADVANCED_FACE('',(#144),#104,.F.);
#1000=ADVANCED_FACE('',(#145),#105,.F.);
#1001=ADVANCED_FACE('',(#146,#53),#73,.T.);
#1002=ADVANCED_FACE('',(#147,#54),#74,.F.);
#1003=ADVANCED_FACE('',(#148,#55),#75,.F.);
#1004=ADVANCED_FACE('',(#149,#56),#76,.T.);
#1005=ADVANCED_FACE('',(#150,#57),#77,.T.);
#1006=ADVANCED_FACE('',(#151,#58),#78,.F.);
#1007=ADVANCED_FACE('',(#152,#59),#79,.T.);
#1008=ADVANCED_FACE('',(#153,#60),#80,.T.);
#1009=ADVANCED_FACE('',(#154,#61),#81,.F.);
#1010=ADVANCED_FACE('',(#155,#62),#82,.T.);
#1011=ADVANCED_FACE('',(#156),#965,.T.);
#1012=ADVANCED_FACE('',(#157),#31,.T.);
#1013=ADVANCED_FACE('',(#158),#966,.T.);
#1014=ADVANCED_FACE('',(#159),#106,.T.);
#1015=ADVANCED_FACE('',(#160,#63),#83,.F.);
#1016=ADVANCED_FACE('',(#161),#107,.T.);
#1017=ADVANCED_FACE('',(#162),#108,.F.);
#1018=ADVANCED_FACE('',(#163,#64),#84,.T.);
#1019=ADVANCED_FACE('',(#164,#65),#85,.T.);
#1020=ADVANCED_FACE('',(#165),#967,.F.);
#1021=ADVANCED_FACE('',(#166),#32,.F.);
#1022=ADVANCED_FACE('',(#167),#109,.T.);
#1023=ADVANCED_FACE('',(#168),#110,.F.);
#1024=ADVANCED_FACE('',(#169),#111,.F.);
#1025=ADVANCED_FACE('',(#170),#968,.F.);
#1026=ADVANCED_FACE('',(#171),#112,.F.);
#1027=ADVANCED_FACE('',(#172),#113,.F.);
#1028=ADVANCED_FACE('',(#173),#114,.F.);
#1029=ADVANCED_FACE('',(#174),#969,.F.);
#1030=ADVANCED_FACE('',(#175),#970,.T.);
#1031=ADVANCED_FACE('',(#176),#115,.T.);
#1032=ADVANCED_FACE('',(#177),#971,.T.);
#1033=ADVANCED_FACE('',(#178),#972,.F.);
#1034=ADVANCED_FACE('',(#179),#116,.F.);
#1035=ADVANCED_FACE('',(#180),#117,.F.);
#1036=ADVANCED_FACE('',(#181,#66),#86,.F.);
#1037=ADVANCED_FACE('',(#182,#67),#87,.F.);
#1038=ADVANCED_FACE('',(#183,#68),#88,.T.);
#1039=ADVANCED_FACE('',(#184,#69),#89,.F.);
#1040=ADVANCED_FACE('',(#185,#70),#90,.T.);
#1041=ADVANCED_FACE('',(#186,#71),#91,.F.);
#1042=ADVANCED_FACE('',(#187,#72),#92,.F.);
#1043=CLOSED_SHELL('',(#973,#974,#975,#976,#977,#978,#979,#980,#981,#982,
#983,#984,#985,#986,#987,#988,#989,#990,#991,#992,#993,#994,#995,#996,#997,
#998,#999,#1000,#1001,#1002,#1003,#1004,#1005,#1006,#1007,#1008,#1009,#1010));
#1044=CLOSED_SHELL('',(#1011,#1012,#1013,#1014,#1015));
#1045=CLOSED_SHELL('',(#1016,#1017,#1018,#1019));
#1046=CLOSED_SHELL('',(#1020,#1021,#1022));
#1047=CLOSED_SHELL('',(#1023,#1024,#1025,#1026,#1027,#1028,#1029,#1030,
#1031,#1032,#1033,#1034,#1035,#1036,#1037,#1038,#1039,#1040,#1041,#1042));
#1048=DERIVED_UNIT_ELEMENT(#1059,1.);
#1049=DERIVED_UNIT_ELEMENT(#2110,-3.);
#1050=DERIVED_UNIT_ELEMENT(#1059,1.);
#1051=DERIVED_UNIT_ELEMENT(#2110,-3.);
#1052=DERIVED_UNIT_ELEMENT(#1059,1.);
#1053=DERIVED_UNIT_ELEMENT(#2110,-3.);
#1054=DERIVED_UNIT_ELEMENT(#1059,1.);
#1055=DERIVED_UNIT_ELEMENT(#2110,-3.);
#1056=DERIVED_UNIT_ELEMENT(#1059,1.);
#1057=DERIVED_UNIT_ELEMENT(#2110,-3.);
#1058=DIMENSIONAL_EXPONENTS(0.,1.,0.,0.,0.,0.,0.);
#1059=(
CONVERSION_BASED_UNIT('gram',#1061)
MASS_UNIT()
NAMED_UNIT(#1058)
);
#1060=(
MASS_UNIT()
NAMED_UNIT(*)
SI_UNIT(.KILO.,.GRAM.)
);
#1061=MASS_MEASURE_WITH_UNIT(MASS_MEASURE(0.001),#1060);
#1062=DERIVED_UNIT((#1048,#1049));
#1063=DERIVED_UNIT((#1050,#1051));
#1064=DERIVED_UNIT((#1052,#1053));
#1065=DERIVED_UNIT((#1054,#1055));
#1066=DERIVED_UNIT((#1056,#1057));
#1067=MEASURE_REPRESENTATION_ITEM('density measure',
POSITIVE_RATIO_MEASURE(1.),#1062);
#1068=MEASURE_REPRESENTATION_ITEM('density measure',
POSITIVE_RATIO_MEASURE(1.),#1063);
#1069=MEASURE_REPRESENTATION_ITEM('density measure',
POSITIVE_RATIO_MEASURE(1.),#1064);
#1070=MEASURE_REPRESENTATION_ITEM('density measure',
POSITIVE_RATIO_MEASURE(1.),#1065);
#1071=MEASURE_REPRESENTATION_ITEM('density measure',
POSITIVE_RATIO_MEASURE(1.),#1066);
#1072=PROPERTY_DEFINITION_REPRESENTATION(#1097,#1082);
#1073=PROPERTY_DEFINITION_REPRESENTATION(#1098,#1083);
#1074=PROPERTY_DEFINITION_REPRESENTATION(#1099,#1084);
#1075=PROPERTY_DEFINITION_REPRESENTATION(#1100,#1085);
#1076=PROPERTY_DEFINITION_REPRESENTATION(#1101,#1086);
#1077=PROPERTY_DEFINITION_REPRESENTATION(#1102,#1087);
#1078=PROPERTY_DEFINITION_REPRESENTATION(#1103,#1088);
#1079=PROPERTY_DEFINITION_REPRESENTATION(#1104,#1089);
#1080=PROPERTY_DEFINITION_REPRESENTATION(#1105,#1090);
#1081=PROPERTY_DEFINITION_REPRESENTATION(#1106,#1091);
#1082=REPRESENTATION('material name',(#1092),#2103);
#1083=REPRESENTATION('density',(#1067),#2103);
#1084=REPRESENTATION('material name',(#1093),#2104);
#1085=REPRESENTATION('density',(#1068),#2104);
#1086=REPRESENTATION('material name',(#1094),#2105);
#1087=REPRESENTATION('density',(#1069),#2105);
#1088=REPRESENTATION('material name',(#1095),#2106);
#1089=REPRESENTATION('density',(#1070),#2106);
#1090=REPRESENTATION('material name',(#1096),#2107);
#1091=REPRESENTATION('density',(#1071),#2107);
#1092=DESCRIPTIVE_REPRESENTATION_ITEM('Generic','Generic');
#1093=DESCRIPTIVE_REPRESENTATION_ITEM('Generic','Generic');
#1094=DESCRIPTIVE_REPRESENTATION_ITEM('Generic','Generic');
#1095=DESCRIPTIVE_REPRESENTATION_ITEM('Generic','Generic');
#1096=DESCRIPTIVE_REPRESENTATION_ITEM('Generic','Generic');
#1097=PROPERTY_DEFINITION('material property','material name',#2138);
#1098=PROPERTY_DEFINITION('material property','density of part',#2138);
#1099=PROPERTY_DEFINITION('material property','material name',#2139);
#1100=PROPERTY_DEFINITION('material property','density of part',#2139);
#1101=PROPERTY_DEFINITION('material property','material name',#2140);
#1102=PROPERTY_DEFINITION('material property','density of part',#2140);
#1103=PROPERTY_DEFINITION('material property','material name',#2141);
#1104=PROPERTY_DEFINITION('material property','density of part',#2141);
#1105=PROPERTY_DEFINITION('material property','material name',#2142);
#1106=PROPERTY_DEFINITION('material property','density of part',#2142);
#1107=PRESENTATION_STYLE_ASSIGNMENT((#1113));
#1108=PRESENTATION_STYLE_ASSIGNMENT((#1114));
#1109=PRESENTATION_STYLE_ASSIGNMENT((#1115));
#1110=PRESENTATION_STYLE_ASSIGNMENT((#1116));
#1111=PRESENTATION_STYLE_ASSIGNMENT((#1117));
#1112=PRESENTATION_STYLE_ASSIGNMENT((#1118));
#1113=SURFACE_STYLE_USAGE(.BOTH.,#1131);
#1114=SURFACE_STYLE_USAGE(.BOTH.,#1132);
#1115=SURFACE_STYLE_USAGE(.BOTH.,#1133);
#1116=SURFACE_STYLE_USAGE(.BOTH.,#1134);
#1117=SURFACE_STYLE_USAGE(.BOTH.,#1135);
#1118=SURFACE_STYLE_USAGE(.BOTH.,#1136);
#1119=SURFACE_STYLE_RENDERING_WITH_PROPERTIES($,#1155,(#1125));
#1120=SURFACE_STYLE_RENDERING_WITH_PROPERTIES($,#1156,(#1126));
#1121=SURFACE_STYLE_RENDERING_WITH_PROPERTIES($,#1157,(#1127));
#1122=SURFACE_STYLE_RENDERING_WITH_PROPERTIES($,#1158,(#1128));
#1123=SURFACE_STYLE_RENDERING_WITH_PROPERTIES($,#1159,(#1129));
#1124=SURFACE_STYLE_RENDERING_WITH_PROPERTIES($,#1160,(#1130));
#1125=SURFACE_STYLE_TRANSPARENT(0.);
#1126=SURFACE_STYLE_TRANSPARENT(0.);
#1127=SURFACE_STYLE_TRANSPARENT(0.);
#1128=SURFACE_STYLE_TRANSPARENT(0.);
#1129=SURFACE_STYLE_TRANSPARENT(0.);
#1130=SURFACE_STYLE_TRANSPARENT(0.);
#1131=SURFACE_SIDE_STYLE('',(#1137,#1119));
#1132=SURFACE_SIDE_STYLE('',(#1138,#1120));
#1133=SURFACE_SIDE_STYLE('',(#1139,#1121));
#1134=SURFACE_SIDE_STYLE('',(#1140,#1122));
#1135=SURFACE_SIDE_STYLE('',(#1141,#1123));
#1136=SURFACE_SIDE_STYLE('',(#1142,#1124));
#1137=SURFACE_STYLE_FILL_AREA(#1143);
#1138=SURFACE_STYLE_FILL_AREA(#1144);
#1139=SURFACE_STYLE_FILL_AREA(#1145);
#1140=SURFACE_STYLE_FILL_AREA(#1146);
#1141=SURFACE_STYLE_FILL_AREA(#1147);
#1142=SURFACE_STYLE_FILL_AREA(#1148);
#1143=FILL_AREA_STYLE('',(#1149));
#1144=FILL_AREA_STYLE('',(#1150));
#1145=FILL_AREA_STYLE('',(#1151));
#1146=FILL_AREA_STYLE('',(#1152));
#1147=FILL_AREA_STYLE('',(#1153));
#1148=FILL_AREA_STYLE('',(#1154));
#1149=FILL_AREA_STYLE_COLOUR('',#1155);
#1150=FILL_AREA_STYLE_COLOUR('',#1156);
#1151=FILL_AREA_STYLE_COLOUR('',#1157);
#1152=FILL_AREA_STYLE_COLOUR('',#1158);
#1153=FILL_AREA_STYLE_COLOUR('',#1159);
#1154=FILL_AREA_STYLE_COLOUR('',#1160);
#1155=COLOUR_RGB('',0.749019607843137,0.749019607843137,0.749019607843137);
#1156=COLOUR_RGB('',0.792156862745098,0.819607843137255,0.933333333333333);
#1157=COLOUR_RGB('',0.792156862745098,0.819607843137255,0.933333333333333);
#1158=COLOUR_RGB('',0.792156862745098,0.819607843137255,0.933333333333333);
#1159=COLOUR_RGB('',0.792156862745098,0.819607843137255,0.933333333333333);
#1160=COLOUR_RGB('',0.792156862745098,0.819607843137255,0.933333333333333);
#1161=DATE_TIME_ROLE('creation_date');
#1162=DATE_TIME_ROLE('creation_date');
#1163=DATE_TIME_ROLE('creation_date');
#1164=DATE_TIME_ROLE('creation_date');
#1165=DATE_TIME_ROLE('creation_date');
#1166=DATE_TIME_ROLE('creation_date');
#1167=APPLIED_DATE_AND_TIME_ASSIGNMENT(#1173,#1161,(#2137));
#1168=APPLIED_DATE_AND_TIME_ASSIGNMENT(#1174,#1162,(#2138));
#1169=APPLIED_DATE_AND_TIME_ASSIGNMENT(#1175,#1163,(#2139));
#1170=APPLIED_DATE_AND_TIME_ASSIGNMENT(#1176,#1164,(#2140));
#1171=APPLIED_DATE_AND_TIME_ASSIGNMENT(#1177,#1165,(#2141));
#1172=APPLIED_DATE_AND_TIME_ASSIGNMENT(#1178,#1166,(#2142));
#1173=DATE_AND_TIME(#1179,#1185);
#1174=DATE_AND_TIME(#1180,#1186);
#1175=DATE_AND_TIME(#1181,#1187);
#1176=DATE_AND_TIME(#1182,#1188);
#1177=DATE_AND_TIME(#1183,#1189);
#1178=DATE_AND_TIME(#1184,#1190);
#1179=CALENDAR_DATE(2025,23,9);
#1180=CALENDAR_DATE(2026,2,4);
#1181=CALENDAR_DATE(2026,2,4);
#1182=CALENDAR_DATE(2026,2,4);
#1183=CALENDAR_DATE(2026,2,4);
#1184=CALENDAR_DATE(2026,2,4);
#1185=LOCAL_TIME(4,19,0.,#1191);
#1186=LOCAL_TIME(0,0,0.,#1192);
#1187=LOCAL_TIME(0,0,0.,#1193);
#1188=LOCAL_TIME(0,0,0.,#1194);
#1189=LOCAL_TIME(0,0,0.,#1195);
#1190=LOCAL_TIME(0,0,0.,#1196);
#1191=COORDINATED_UNIVERSAL_TIME_OFFSET(0,0,.BEHIND.);
#1192=COORDINATED_UNIVERSAL_TIME_OFFSET(0,0,.BEHIND.);
#1193=COORDINATED_UNIVERSAL_TIME_OFFSET(0,0,.BEHIND.);
#1194=COORDINATED_UNIVERSAL_TIME_OFFSET(0,0,.BEHIND.);
#1195=COORDINATED_UNIVERSAL_TIME_OFFSET(0,0,.BEHIND.);
#1196=COORDINATED_UNIVERSAL_TIME_OFFSET(0,0,.BEHIND.);
#1197=AXIS2_PLACEMENT_3D('',#1740,#1362,#1363);
#1198=AXIS2_PLACEMENT_3D('',#1741,#1364,#1365);
#1199=AXIS2_PLACEMENT_3D('',#1742,#1366,#1367);
#1200=AXIS2_PLACEMENT_3D('',#1745,#1368,#1369);
#1201=AXIS2_PLACEMENT_3D('',#1748,#1371,#1372);
#1202=AXIS2_PLACEMENT_3D('',#1749,#1373,#1374);
#1203=AXIS2_PLACEMENT_3D('',#1750,#1375,#1376);
#1204=AXIS2_PLACEMENT_3D('',#1753,#1378,#1379);
#1205=AXIS2_PLACEMENT_3D('',#1754,#1380,#1381);
#1206=AXIS2_PLACEMENT_3D('',#1757,#1383,#1384);
#1207=AXIS2_PLACEMENT_3D('',#1758,#1385,#1386);
#1208=AXIS2_PLACEMENT_3D('',#1761,#1388,#1389);
#1209=AXIS2_PLACEMENT_3D('',#1762,#1390,#1391);
#1210=AXIS2_PLACEMENT_3D('',#1766,#1393,#1394);
#1211=AXIS2_PLACEMENT_3D('',#1767,#1395,#1396);
#1212=AXIS2_PLACEMENT_3D('',#1768,#1397,#1398);
#1213=AXIS2_PLACEMENT_3D('',#1770,#1399,#1400);
#1214=AXIS2_PLACEMENT_3D('',#1772,#1402,#1403);
#1215=AXIS2_PLACEMENT_3D('',#1774,#1404,#1405);
#1216=AXIS2_PLACEMENT_3D('',#1777,#1407,#1408);
#1217=AXIS2_PLACEMENT_3D('',#1778,#1409,#1410);
#1218=AXIS2_PLACEMENT_3D('',#1781,#1412,#1413);
#1219=AXIS2_PLACEMENT_3D('',#1782,#1414,#1415);
#1220=AXIS2_PLACEMENT_3D('',#1785,#1417,#1418);
#1221=AXIS2_PLACEMENT_3D('',#1786,#1419,#1420);
#1222=AXIS2_PLACEMENT_3D('',#1788,#1421,#1422);
#1223=AXIS2_PLACEMENT_3D('',#1792,#1424,#1425);
#1224=AXIS2_PLACEMENT_3D('',#1793,#1426,#1427);
#1225=AXIS2_PLACEMENT_3D('',#1794,#1428,#1429);
#1226=AXIS2_PLACEMENT_3D('',#1797,#1430,#1431);
#1227=AXIS2_PLACEMENT_3D('',#1799,#1433,#1434);
#1228=AXIS2_PLACEMENT_3D('',#1800,#1435,#1436);
#1229=AXIS2_PLACEMENT_3D('',#1803,#1438,#1439);
#1230=AXIS2_PLACEMENT_3D('',#1804,#1440,#1441);
#1231=AXIS2_PLACEMENT_3D('',#1806,#1442,#1443);
#1232=AXIS2_PLACEMENT_3D('',#1809,#1445,#1446);
#1233=AXIS2_PLACEMENT_3D('',#1810,#1447,#1448);
#1234=AXIS2_PLACEMENT_3D('',#1813,#1449,#1450);
#1235=AXIS2_PLACEMENT_3D('',#1816,#1452,#1453);
#1236=AXIS2_PLACEMENT_3D('',#1817,#1454,#1455);
#1237=AXIS2_PLACEMENT_3D('',#1818,#1456,#1457);
#1238=AXIS2_PLACEMENT_3D('',#1821,#1459,#1460);
#1239=AXIS2_PLACEMENT_3D('',#1822,#1461,#1462);
#1240=AXIS2_PLACEMENT_3D('',#1824,#1463,#1464);
#1241=AXIS2_PLACEMENT_3D('',#1827,#1466,#1467);
#1242=AXIS2_PLACEMENT_3D('',#1828,#1468,#1469);
#1243=AXIS2_PLACEMENT_3D('',#1831,#1470,#1471);
#1244=AXIS2_PLACEMENT_3D('',#1834,#1473,#1474);
#1245=AXIS2_PLACEMENT_3D('',#1835,#1475,#1476);
#1246=AXIS2_PLACEMENT_3D('',#1836,#1477,#1478);
#1247=AXIS2_PLACEMENT_3D('',#1839,#1480,#1481);
#1248=AXIS2_PLACEMENT_3D('',#1840,#1482,#1483);
#1249=AXIS2_PLACEMENT_3D('',#1843,#1484,#1485);
#1250=AXIS2_PLACEMENT_3D('',#1846,#1487,#1488);
#1251=AXIS2_PLACEMENT_3D('',#1847,#1489,#1490);
#1252=AXIS2_PLACEMENT_3D('',#1848,#1491,#1492);
#1253=AXIS2_PLACEMENT_3D('',#1851,#1494,#1495);
#1254=AXIS2_PLACEMENT_3D('',#1852,#1496,#1497);
#1255=AXIS2_PLACEMENT_3D('',#1855,#1498,#1499);
#1256=AXIS2_PLACEMENT_3D('',#1858,#1501,#1502);
#1257=AXIS2_PLACEMENT_3D('',#1859,#1503,#1504);
#1258=AXIS2_PLACEMENT_3D('',#1860,#1505,#1506);
#1259=AXIS2_PLACEMENT_3D('',#1863,#1508,#1509);
#1260=AXIS2_PLACEMENT_3D('',#1864,#1510,#1511);
#1261=AXIS2_PLACEMENT_3D('',#1867,#1512,#1513);
#1262=AXIS2_PLACEMENT_3D('',#1870,#1515,#1516);
#1263=AXIS2_PLACEMENT_3D('',#1871,#1517,#1518);
#1264=AXIS2_PLACEMENT_3D('',#1872,#1519,#1520);
#1265=AXIS2_PLACEMENT_3D('',#1875,#1522,#1523);
#1266=AXIS2_PLACEMENT_3D('',#1876,#1524,#1525);
#1267=AXIS2_PLACEMENT_3D('',#1879,#1527,#1528);
#1268=AXIS2_PLACEMENT_3D('',#1880,#1529,#1530);
#1269=AXIS2_PLACEMENT_3D('',#1883,#1531,#1532);
#1270=AXIS2_PLACEMENT_3D('',#1886,#1534,#1535);
#1271=AXIS2_PLACEMENT_3D('',#1887,#1536,#1537);
#1272=AXIS2_PLACEMENT_3D('',#1888,#1538,#1539);
#1273=AXIS2_PLACEMENT_3D('',#1891,#1541,#1542);
#1274=AXIS2_PLACEMENT_3D('',#1892,#1543,#1544);
#1275=AXIS2_PLACEMENT_3D('',#1894,#1546,#1547);
#1276=AXIS2_PLACEMENT_3D('',#1895,#1548,#1549);
#1277=AXIS2_PLACEMENT_3D('',#1896,#1550,#1551);
#1278=AXIS2_PLACEMENT_3D('',#1897,#1552,#1553);
#1279=AXIS2_PLACEMENT_3D('',#1898,#1554,#1555);
#1280=AXIS2_PLACEMENT_3D('',#1899,#1556,#1557);
#1281=AXIS2_PLACEMENT_3D('',#1900,#1558,#1559);
#1282=AXIS2_PLACEMENT_3D('',#1901,#1560,#1561);
#1283=AXIS2_PLACEMENT_3D('',#1902,#1562,#1563);
#1284=AXIS2_PLACEMENT_3D('',#1903,#1564,#1565);
#1285=AXIS2_PLACEMENT_3D('',#1904,#1566,#1567);
#1286=AXIS2_PLACEMENT_3D('',#1905,#1568,#1569);
#1287=AXIS2_PLACEMENT_3D('',#1907,#1570,#1571);
#1288=AXIS2_PLACEMENT_3D('',#1939,#1573,#1574);
#1289=AXIS2_PLACEMENT_3D('',#1940,#1575,#1576);
#1290=AXIS2_PLACEMENT_3D('',#1941,#1577,#1578);
#1291=AXIS2_PLACEMENT_3D('',#1944,#1579,#1580);
#1292=AXIS2_PLACEMENT_3D('',#1947,#1582,#1583);
#1293=AXIS2_PLACEMENT_3D('',#1948,#1584,#1585);
#1294=AXIS2_PLACEMENT_3D('',#1949,#1586,#1587);
#1295=AXIS2_PLACEMENT_3D('',#1951,#1589,#1590);
#1296=AXIS2_PLACEMENT_3D('',#1952,#1591,#1592);
#1297=AXIS2_PLACEMENT_3D('',#1953,#1593,#1594);
#1298=AXIS2_PLACEMENT_3D('',#1955,#1595,#1596);
#1299=AXIS2_PLACEMENT_3D('',#1958,#1598,#1599);
#1300=AXIS2_PLACEMENT_3D('',#1959,#1600,#1601);
#1301=AXIS2_PLACEMENT_3D('',#1961,#1602,#1603);
#1302=AXIS2_PLACEMENT_3D('',#1964,#1605,#1606);
#1303=AXIS2_PLACEMENT_3D('',#1965,#1607,#1608);
#1304=AXIS2_PLACEMENT_3D('',#1966,#1609,#1610);
#1305=AXIS2_PLACEMENT_3D('',#1967,#1611,#1612);
#1306=AXIS2_PLACEMENT_3D('',#1968,#1613,#1614);
#1307=AXIS2_PLACEMENT_3D('',#1973,#1616,#1617);
#1308=AXIS2_PLACEMENT_3D('',#1974,#1618,#1619);
#1309=AXIS2_PLACEMENT_3D('',#2004,#1620,#1621);
#1310=AXIS2_PLACEMENT_3D('',#2005,#1622,#1623);
#1311=AXIS2_PLACEMENT_3D('',#2006,#1624,#1625);
#1312=AXIS2_PLACEMENT_3D('',#2008,#1627,#1628);
#1313=AXIS2_PLACEMENT_3D('',#2009,#1629,#1630);
#1314=AXIS2_PLACEMENT_3D('',#2011,#1631,#1632);
#1315=AXIS2_PLACEMENT_3D('',#2014,#1634,#1635);
#1316=AXIS2_PLACEMENT_3D('',#2015,#1636,#1637);
#1317=AXIS2_PLACEMENT_3D('',#2017,#1638,#1639);
#1318=AXIS2_PLACEMENT_3D('',#2021,#1641,#1642);
#1319=AXIS2_PLACEMENT_3D('',#2022,#1643,#1644);
#1320=AXIS2_PLACEMENT_3D('',#2023,#1645,#1646);
#1321=AXIS2_PLACEMENT_3D('',#2026,#1647,#1648);
#1322=AXIS2_PLACEMENT_3D('',#2028,#1650,#1651);
#1323=AXIS2_PLACEMENT_3D('',#2029,#1652,#1653);
#1324=AXIS2_PLACEMENT_3D('',#2032,#1655,#1656);
#1325=AXIS2_PLACEMENT_3D('',#2033,#1657,#1658);
#1326=AXIS2_PLACEMENT_3D('',#2035,#1659,#1660);
#1327=AXIS2_PLACEMENT_3D('',#2038,#1662,#1663);
#1328=AXIS2_PLACEMENT_3D('',#2039,#1664,#1665);
#1329=AXIS2_PLACEMENT_3D('',#2041,#1666,#1667);
#1330=AXIS2_PLACEMENT_3D('',#2044,#1669,#1670);
#1331=AXIS2_PLACEMENT_3D('',#2045,#1671,#1672);
#1332=AXIS2_PLACEMENT_3D('',#2048,#1674,#1675);
#1333=AXIS2_PLACEMENT_3D('',#2049,#1676,#1677);
#1334=AXIS2_PLACEMENT_3D('',#2052,#1678,#1679);
#1335=AXIS2_PLACEMENT_3D('',#2055,#1681,#1682);
#1336=AXIS2_PLACEMENT_3D('',#2056,#1683,#1684);
#1337=AXIS2_PLACEMENT_3D('',#2057,#1685,#1686);
#1338=AXIS2_PLACEMENT_3D('',#2060,#1688,#1689);
#1339=AXIS2_PLACEMENT_3D('',#2061,#1690,#1691);
#1340=AXIS2_PLACEMENT_3D('',#2064,#1693,#1694);
#1341=AXIS2_PLACEMENT_3D('',#2065,#1695,#1696);
#1342=AXIS2_PLACEMENT_3D('',#2068,#1697,#1698);
#1343=AXIS2_PLACEMENT_3D('',#2071,#1700,#1701);
#1344=AXIS2_PLACEMENT_3D('',#2072,#1702,#1703);
#1345=AXIS2_PLACEMENT_3D('',#2073,#1704,#1705);
#1346=AXIS2_PLACEMENT_3D('',#2076,#1707,#1708);
#1347=AXIS2_PLACEMENT_3D('',#2077,#1709,#1710);
#1348=AXIS2_PLACEMENT_3D('',#2079,#1711,#1712);
#1349=AXIS2_PLACEMENT_3D('',#2082,#1714,#1715);
#1350=AXIS2_PLACEMENT_3D('',#2083,#1716,#1717);
#1351=AXIS2_PLACEMENT_3D('',#2084,#1718,#1719);
#1352=AXIS2_PLACEMENT_3D('',#2085,#1720,#1721);
#1353=AXIS2_PLACEMENT_3D('',#2086,#1722,#1723);
#1354=AXIS2_PLACEMENT_3D('',#2087,#1724,#1725);
#1355=AXIS2_PLACEMENT_3D('',#2088,#1726,#1727);
#1356=AXIS2_PLACEMENT_3D('',#2089,#1728,#1729);
#1357=AXIS2_PLACEMENT_3D('',#2090,#1730,#1731);
#1358=AXIS2_PLACEMENT_3D('',#2091,#1732,#1733);
#1359=AXIS2_PLACEMENT_3D('',#2092,#1734,#1735);
#1360=AXIS2_PLACEMENT_3D('',#2093,#1736,#1737);
#1361=AXIS2_PLACEMENT_3D('',#2094,#1738,#1739);
#1362=DIRECTION('axis',(0.,0.,1.));
#1363=DIRECTION('refdir',(1.,0.,0.));
#1364=DIRECTION('axis',(0.,0.,1.));
#1365=DIRECTION('refdir',(1.,0.,0.));
#1366=DIRECTION('center_axis',(1.,0.,0.));
#1367=DIRECTION('ref_axis',(0.,0.,-1.));
#1368=DIRECTION('center_axis',(-1.,0.,0.));
#1369=DIRECTION('ref_axis',(0.,0.,1.));
#1370=DIRECTION('',(-0.145755338921309,1.21156838756694E-16,-0.989320666506029));
#1371=DIRECTION('center_axis',(-1.,0.,0.));
#1372=DIRECTION('ref_axis',(0.,0.,-1.));
#1373=DIRECTION('center_axis',(-1.,0.,0.));
#1374=DIRECTION('ref_axis',(0.,0.,1.));
#1375=DIRECTION('center_axis',(-1.,0.,0.));
#1376=DIRECTION('ref_axis',(0.,0.,1.));
#1377=DIRECTION('',(-0.998401845733585,-6.92088466777608E-18,-0.0565133120226556));
#1378=DIRECTION('center_axis',(-1.,0.,0.));
#1379=DIRECTION('ref_axis',(0.,0.,1.));
#1380=DIRECTION('center_axis',(-1.,0.,0.));
#1381=DIRECTION('ref_axis',(0.,0.,1.));
#1382=DIRECTION('',(-0.209529088730873,-1.19746259659845E-16,-0.97780241407741));
#1383=DIRECTION('center_axis',(-1.,0.,0.));
#1384=DIRECTION('ref_axis',(0.,0.,1.));
#1385=DIRECTION('center_axis',(-1.,0.,0.));
#1386=DIRECTION('ref_axis',(0.,0.,1.));
#1387=DIRECTION('',(-0.994596819214348,-1.27134424726878E-17,-0.103813136012272));
#1388=DIRECTION('center_axis',(-1.,0.,0.));
#1389=DIRECTION('ref_axis',(0.,0.,1.));
#1390=DIRECTION('center_axis',(-1.,0.,0.));
#1391=DIRECTION('ref_axis',(0.,0.,1.));
#1392=DIRECTION('',(-0.998401845733585,-6.92088466777608E-18,-0.0565133120226556));
#1393=DIRECTION('center_axis',(-1.,0.,0.));
#1394=DIRECTION('ref_axis',(0.,0.,1.));
#1395=DIRECTION('center_axis',(-1.,0.,0.));
#1396=DIRECTION('ref_axis',(0.,0.,1.));
#1397=DIRECTION('center_axis',(1.,0.,0.));
#1398=DIRECTION('ref_axis',(0.,0.,-1.));
#1399=DIRECTION('center_axis',(1.,0.,0.));
#1400=DIRECTION('ref_axis',(0.,0.,-1.));
#1401=DIRECTION('',(0.0425324222936162,-1.22353860045258E-16,0.999095087093234));
#1402=DIRECTION('center_axis',(1.,0.,0.));
#1403=DIRECTION('ref_axis',(0.,0.,-1.));
#1404=DIRECTION('center_axis',(1.,0.,0.));
#1405=DIRECTION('ref_axis',(0.,0.,-1.));
#1406=DIRECTION('',(1.,0.,0.));
#1407=DIRECTION('center_axis',(1.,0.,0.));
#1408=DIRECTION('ref_axis',(0.,0.,-1.));
#1409=DIRECTION('center_axis',(1.,0.,0.));
#1410=DIRECTION('ref_axis',(0.,0.,-1.));
#1411=DIRECTION('',(0.707106781440444,-8.65956055924559E-17,0.70710678093265));
#1412=DIRECTION('center_axis',(1.,0.,0.));
#1413=DIRECTION('ref_axis',(0.,0.,-1.));
#1414=DIRECTION('center_axis',(1.,0.,0.));
#1415=DIRECTION('ref_axis',(0.,0.,-1.));
#1416=DIRECTION('',(1.,0.,0.));
#1417=DIRECTION('center_axis',(1.,0.,0.));
#1418=DIRECTION('ref_axis',(0.,0.,-1.));
#1419=DIRECTION('center_axis',(1.,0.,0.));
#1420=DIRECTION('ref_axis',(0.,0.,-1.));
#1421=DIRECTION('center_axis',(1.,0.,0.));
#1422=DIRECTION('ref_axis',(0.,0.,-1.));
#1423=DIRECTION('',(1.,0.,0.));
#1424=DIRECTION('center_axis',(1.,0.,0.));
#1425=DIRECTION('ref_axis',(0.,0.,-1.));
#1426=DIRECTION('center_axis',(1.,0.,0.));
#1427=DIRECTION('ref_axis',(0.,0.,-1.));
#1428=DIRECTION('center_axis',(-1.,0.,0.));
#1429=DIRECTION('ref_axis',(0.,0.,1.));
#1430=DIRECTION('center_axis',(1.,0.,0.));
#1431=DIRECTION('ref_axis',(0.,0.,-1.));
#1432=DIRECTION('',(-0.707106781470906,-8.65956055887255E-17,-0.707106780902189));
#1433=DIRECTION('center_axis',(1.,0.,0.));
#1434=DIRECTION('ref_axis',(0.,0.,-1.));
#1435=DIRECTION('center_axis',(1.,0.,0.));
#1436=DIRECTION('ref_axis',(0.,0.,-1.));
#1437=DIRECTION('',(1.,0.,0.));
#1438=DIRECTION('center_axis',(1.,0.,0.));
#1439=DIRECTION('ref_axis',(0.,0.,-1.));
#1440=DIRECTION('center_axis',(1.,0.,0.));
#1441=DIRECTION('ref_axis',(0.,0.,-1.));
#1442=DIRECTION('center_axis',(1.,0.,0.));
#1443=DIRECTION('ref_axis',(0.,0.,-1.));
#1444=DIRECTION('',(1.,0.,0.));
#1445=DIRECTION('center_axis',(1.,0.,0.));
#1446=DIRECTION('ref_axis',(0.,0.,-1.));
#1447=DIRECTION('center_axis',(-1.,0.,0.));
#1448=DIRECTION('ref_axis',(0.,0.,1.));
#1449=DIRECTION('center_axis',(1.,0.,0.));
#1450=DIRECTION('ref_axis',(0.,0.,-1.));
#1451=DIRECTION('',(0.707106781186693,8.65956056235316E-17,0.707106781186402));
#1452=DIRECTION('center_axis',(1.,0.,0.));
#1453=DIRECTION('ref_axis',(0.,0.,-1.));
#1454=DIRECTION('center_axis',(1.,0.,0.));
#1455=DIRECTION('ref_axis',(0.,0.,-1.));
#1456=DIRECTION('center_axis',(1.,0.,0.));
#1457=DIRECTION('ref_axis',(0.,0.,-1.));
#1458=DIRECTION('',(-1.,0.,0.));
#1459=DIRECTION('center_axis',(1.,0.,0.));
#1460=DIRECTION('ref_axis',(0.,0.,-1.));
#1461=DIRECTION('center_axis',(1.,0.,0.));
#1462=DIRECTION('ref_axis',(0.,0.,-1.));
#1463=DIRECTION('center_axis',(1.,0.,0.));
#1464=DIRECTION('ref_axis',(0.,0.,-1.));
#1465=DIRECTION('',(-1.,0.,0.));
#1466=DIRECTION('center_axis',(1.,0.,0.));
#1467=DIRECTION('ref_axis',(0.,0.,-1.));
#1468=DIRECTION('center_axis',(-1.,0.,0.));
#1469=DIRECTION('ref_axis',(0.,0.,1.));
#1470=DIRECTION('center_axis',(1.,0.,0.));
#1471=DIRECTION('ref_axis',(0.,0.,-1.));
#1472=DIRECTION('',(0.707106781388334,8.65956055988376E-17,0.707106780984761));
#1473=DIRECTION('center_axis',(1.,0.,0.));
#1474=DIRECTION('ref_axis',(0.,0.,-1.));
#1475=DIRECTION('center_axis',(1.,0.,0.));
#1476=DIRECTION('ref_axis',(0.,0.,-1.));
#1477=DIRECTION('center_axis',(1.,0.,0.));
#1478=DIRECTION('ref_axis',(0.,0.,-1.));
#1479=DIRECTION('',(-1.,0.,0.));
#1480=DIRECTION('center_axis',(1.,0.,0.));
#1481=DIRECTION('ref_axis',(0.,0.,-1.));
#1482=DIRECTION('center_axis',(-1.,0.,0.));
#1483=DIRECTION('ref_axis',(0.,0.,1.));
#1484=DIRECTION('center_axis',(1.,0.,0.));
#1485=DIRECTION('ref_axis',(0.,0.,-1.));
#1486=DIRECTION('',(0.707106781242554,8.65956056166906E-17,0.707106781130541));
#1487=DIRECTION('center_axis',(1.,0.,0.));
#1488=DIRECTION('ref_axis',(0.,0.,-1.));
#1489=DIRECTION('center_axis',(1.,0.,0.));
#1490=DIRECTION('ref_axis',(0.,0.,-1.));
#1491=DIRECTION('center_axis',(1.,0.,0.));
#1492=DIRECTION('ref_axis',(0.,0.,-1.));
#1493=DIRECTION('',(-1.,0.,0.));
#1494=DIRECTION('center_axis',(1.,0.,0.));
#1495=DIRECTION('ref_axis',(0.,0.,-1.));
#1496=DIRECTION('center_axis',(-1.,0.,0.));
#1497=DIRECTION('ref_axis',(0.,0.,1.));
#1498=DIRECTION('center_axis',(1.,0.,0.));
#1499=DIRECTION('ref_axis',(0.,0.,-1.));
#1500=DIRECTION('',(0.707106781349745,8.65956056035634E-17,0.70710678102335));
#1501=DIRECTION('center_axis',(1.,0.,0.));
#1502=DIRECTION('ref_axis',(0.,0.,-1.));
#1503=DIRECTION('center_axis',(1.,0.,0.));
#1504=DIRECTION('ref_axis',(0.,0.,-1.));
#1505=DIRECTION('center_axis',(1.,0.,0.));
#1506=DIRECTION('ref_axis',(0.,0.,-1.));
#1507=DIRECTION('',(-1.,0.,0.));
#1508=DIRECTION('center_axis',(1.,0.,0.));
#1509=DIRECTION('ref_axis',(0.,0.,-1.));
#1510=DIRECTION('center_axis',(-1.,0.,0.));
#1511=DIRECTION('ref_axis',(0.,0.,1.));
#1512=DIRECTION('center_axis',(1.,0.,0.));
#1513=DIRECTION('ref_axis',(0.,0.,-1.));
#1514=DIRECTION('',(0.707106781308208,8.65956056086502E-17,0.707106781064887));
#1515=DIRECTION('center_axis',(1.,0.,0.));
#1516=DIRECTION('ref_axis',(0.,0.,-1.));
#1517=DIRECTION('center_axis',(1.,0.,0.));
#1518=DIRECTION('ref_axis',(0.,0.,-1.));
#1519=DIRECTION('center_axis',(1.,0.,0.));
#1520=DIRECTION('ref_axis',(0.,0.,-1.));
#1521=DIRECTION('',(-1.,0.,0.));
#1522=DIRECTION('center_axis',(1.,0.,0.));
#1523=DIRECTION('ref_axis',(0.,0.,-1.));
#1524=DIRECTION('center_axis',(1.,0.,0.));
#1525=DIRECTION('ref_axis',(0.,0.,-1.));
#1526=DIRECTION('',(-0.70710678118695,8.65956056235E-17,-0.707106781186145));
#1527=DIRECTION('center_axis',(1.,0.,0.));
#1528=DIRECTION('ref_axis',(0.,0.,-1.));
#1529=DIRECTION('center_axis',(-1.,0.,0.));
#1530=DIRECTION('ref_axis',(0.,0.,1.));
#1531=DIRECTION('center_axis',(1.,0.,0.));
#1532=DIRECTION('ref_axis',(0.,0.,-1.));
#1533=DIRECTION('',(-0.707106781187357,-8.65956056234502E-17,-0.707106781185738));
#1534=DIRECTION('center_axis',(1.,0.,0.));
#1535=DIRECTION('ref_axis',(0.,0.,-1.));
#1536=DIRECTION('center_axis',(1.,0.,0.));
#1537=DIRECTION('ref_axis',(0.,0.,-1.));
#1538=DIRECTION('center_axis',(1.,0.,0.));
#1539=DIRECTION('ref_axis',(0.,0.,-1.));
#1540=DIRECTION('',(1.,0.,0.));
#1541=DIRECTION('center_axis',(1.,0.,0.));
#1542=DIRECTION('ref_axis',(0.,0.,-1.));
#1543=DIRECTION('center_axis',(1.,0.,0.));
#1544=DIRECTION('ref_axis',(0.,0.,-1.));
#1545=DIRECTION('',(1.,0.,0.));
#1546=DIRECTION('center_axis',(-1.,0.,0.));
#1547=DIRECTION('ref_axis',(0.,0.,1.));
#1548=DIRECTION('center_axis',(-1.,0.,0.));
#1549=DIRECTION('ref_axis',(0.,0.,1.));
#1550=DIRECTION('center_axis',(-1.,0.,0.));
#1551=DIRECTION('ref_axis',(0.,0.,1.));
#1552=DIRECTION('center_axis',(1.,0.,0.));
#1553=DIRECTION('ref_axis',(0.,0.,-1.));
#1554=DIRECTION('center_axis',(1.,0.,0.));
#1555=DIRECTION('ref_axis',(0.,0.,-1.));
#1556=DIRECTION('center_axis',(1.,0.,0.));
#1557=DIRECTION('ref_axis',(0.,0.,-1.));
#1558=DIRECTION('center_axis',(1.,0.,0.));
#1559=DIRECTION('ref_axis',(0.,0.,-1.));
#1560=DIRECTION('center_axis',(1.,0.,0.));
#1561=DIRECTION('ref_axis',(0.,0.,-1.));
#1562=DIRECTION('center_axis',(1.,0.,0.));
#1563=DIRECTION('ref_axis',(0.,0.,-1.));
#1564=DIRECTION('center_axis',(-1.,0.,0.));
#1565=DIRECTION('ref_axis',(0.,0.,1.));
#1566=DIRECTION('axis',(0.,0.,1.));
#1567=DIRECTION('refdir',(1.,0.,0.));
#1568=DIRECTION('center_axis',(1.,0.,0.));
#1569=DIRECTION('ref_axis',(0.,0.,-1.));
#1570=DIRECTION('center_axis',(-1.,0.,0.));
#1571=DIRECTION('ref_axis',(0.,0.,-1.));
#1572=DIRECTION('',(-0.145755338921309,1.21156838756694E-16,-0.989320666506029));
#1573=DIRECTION('center_axis',(0.,1.,1.22464679914735E-16));
#1574=DIRECTION('ref_axis',(0.,-1.22464679914735E-16,1.));
#1575=DIRECTION('center_axis',(1.,0.,0.));
#1576=DIRECTION('ref_axis',(0.,0.,-1.));
#1577=DIRECTION('center_axis',(-1.,0.,0.));
#1578=DIRECTION('ref_axis',(0.,0.,1.));
#1579=DIRECTION('center_axis',(1.,0.,0.));
#1580=DIRECTION('ref_axis',(0.,0.,-1.));
#1581=DIRECTION('',(0.707106781186949,8.65956056235001E-17,0.707106781186146));
#1582=DIRECTION('center_axis',(1.,0.,0.));
#1583=DIRECTION('ref_axis',(0.,0.,-1.));
#1584=DIRECTION('center_axis',(1.,0.,0.));
#1585=DIRECTION('ref_axis',(0.,0.,-1.));
#1586=DIRECTION('center_axis',(1.,0.,0.));
#1587=DIRECTION('ref_axis',(0.,0.,-1.));
#1588=DIRECTION('',(-1.,0.,0.));
#1589=DIRECTION('center_axis',(-1.,0.,0.));
#1590=DIRECTION('ref_axis',(0.,0.,1.));
#1591=DIRECTION('axis',(0.,0.,1.));
#1592=DIRECTION('refdir',(1.,0.,0.));
#1593=DIRECTION('center_axis',(0.,1.,0.));
#1594=DIRECTION('ref_axis',(0.,0.,1.));
#1595=DIRECTION('center_axis',(0.,1.,0.));
#1596=DIRECTION('ref_axis',(0.,0.,1.));
#1597=DIRECTION('',(0.,-1.,0.));
#1598=DIRECTION('center_axis',(0.,1.,0.));
#1599=DIRECTION('ref_axis',(0.,0.,1.));
#1600=DIRECTION('center_axis',(0.,1.,0.));
#1601=DIRECTION('ref_axis',(0.,0.,1.));
#1602=DIRECTION('center_axis',(0.,1.,0.));
#1603=DIRECTION('ref_axis',(0.,0.,1.));
#1604=DIRECTION('',(0.,1.,0.));
#1605=DIRECTION('center_axis',(0.,1.,0.));
#1606=DIRECTION('ref_axis',(0.,0.,1.));
#1607=DIRECTION('center_axis',(0.,-1.,0.));
#1608=DIRECTION('ref_axis',(0.,0.,-1.));
#1609=DIRECTION('center_axis',(0.,1.,0.));
#1610=DIRECTION('ref_axis',(0.,0.,1.));
#1611=DIRECTION('axis',(0.,0.,1.));
#1612=DIRECTION('refdir',(1.,0.,0.));
#1613=DIRECTION('center_axis',(1.,0.,0.));
#1614=DIRECTION('ref_axis',(0.,-2.22044603525396E-16,-1.));
#1615=DIRECTION('',(0.0425324222936162,9.94898124525304E-17,0.999095087093234));
#1616=DIRECTION('center_axis',(-1.,0.,0.));
#1617=DIRECTION('ref_axis',(0.,0.,-1.));
#1618=DIRECTION('center_axis',(-1.,0.,0.));
#1619=DIRECTION('ref_axis',(0.,0.,-1.));
#1620=DIRECTION('center_axis',(1.79603633680865E-28,-1.22464679914735E-16,
-1.));
#1621=DIRECTION('ref_axis',(-1.46659759113932E-12,1.,-1.22464679914735E-16));
#1622=DIRECTION('center_axis',(-1.,-1.46657496517291E-12,0.));
#1623=DIRECTION('ref_axis',(1.46657496517291E-12,-1.,0.));
#1624=DIRECTION('center_axis',(-1.,-1.46657496517291E-12,0.));
#1625=DIRECTION('ref_axis',(1.46657496517291E-12,-1.,0.));
#1626=DIRECTION('',(1.,1.46657496517291E-12,0.));
#1627=DIRECTION('axis',(0.,0.,1.));
#1628=DIRECTION('refdir',(1.,0.,0.));
#1629=DIRECTION('center_axis',(1.,0.,0.));
#1630=DIRECTION('ref_axis',(0.,0.,-1.));
#1631=DIRECTION('center_axis',(1.,0.,0.));
#1632=DIRECTION('ref_axis',(0.,0.,-1.));
#1633=DIRECTION('',(1.,0.,0.));
#1634=DIRECTION('center_axis',(1.,0.,0.));
#1635=DIRECTION('ref_axis',(0.,0.,-1.));
#1636=DIRECTION('center_axis',(1.,0.,0.));
#1637=DIRECTION('ref_axis',(0.,0.,-1.));
#1638=DIRECTION('center_axis',(1.,0.,0.));
#1639=DIRECTION('ref_axis',(0.,0.,-1.));
#1640=DIRECTION('',(1.,0.,0.));
#1641=DIRECTION('center_axis',(1.,0.,0.));
#1642=DIRECTION('ref_axis',(0.,0.,-1.));
#1643=DIRECTION('center_axis',(1.,0.,0.));
#1644=DIRECTION('ref_axis',(0.,0.,-1.));
#1645=DIRECTION('center_axis',(-1.,0.,0.));
#1646=DIRECTION('ref_axis',(0.,0.,1.));
#1647=DIRECTION('center_axis',(1.,0.,0.));
#1648=DIRECTION('ref_axis',(0.,0.,-1.));
#1649=DIRECTION('',(-0.707106781187102,-8.65956056234814E-17,-0.707106781185993));
#1650=DIRECTION('center_axis',(1.,0.,0.));
#1651=DIRECTION('ref_axis',(0.,0.,-1.));
#1652=DIRECTION('center_axis',(1.,0.,0.));
#1653=DIRECTION('ref_axis',(0.,0.,-1.));
#1654=DIRECTION('',(1.,0.,0.));
#1655=DIRECTION('center_axis',(1.,0.,0.));
#1656=DIRECTION('ref_axis',(0.,0.,-1.));
#1657=DIRECTION('center_axis',(1.,0.,0.));
#1658=DIRECTION('ref_axis',(0.,0.,-1.));
#1659=DIRECTION('center_axis',(1.,0.,0.));
#1660=DIRECTION('ref_axis',(0.,0.,-1.));
#1661=DIRECTION('',(1.,0.,0.));
#1662=DIRECTION('center_axis',(1.,0.,0.));
#1663=DIRECTION('ref_axis',(0.,0.,-1.));
#1664=DIRECTION('center_axis',(1.,0.,0.));
#1665=DIRECTION('ref_axis',(0.,0.,-1.));
#1666=DIRECTION('center_axis',(1.,0.,0.));
#1667=DIRECTION('ref_axis',(0.,0.,-1.));
#1668=DIRECTION('',(1.,0.,0.));
#1669=DIRECTION('center_axis',(1.,0.,0.));
#1670=DIRECTION('ref_axis',(0.,0.,-1.));
#1671=DIRECTION('center_axis',(1.,0.,0.));
#1672=DIRECTION('ref_axis',(0.,0.,-1.));
#1673=DIRECTION('',(0.707106781303664,-8.65956056092067E-17,0.707106781069431));
#1674=DIRECTION('center_axis',(1.,0.,0.));
#1675=DIRECTION('ref_axis',(0.,0.,-1.));
#1676=DIRECTION('center_axis',(-1.,0.,0.));
#1677=DIRECTION('ref_axis',(0.,0.,1.));
#1678=DIRECTION('center_axis',(1.,0.,0.));
#1679=DIRECTION('ref_axis',(0.,0.,-1.));
#1680=DIRECTION('',(0.707106780860171,8.6595605663519E-17,0.707106781512924));
#1681=DIRECTION('center_axis',(1.,0.,0.));
#1682=DIRECTION('ref_axis',(0.,0.,-1.));
#1683=DIRECTION('center_axis',(1.,0.,0.));
#1684=DIRECTION('ref_axis',(0.,0.,-1.));
#1685=DIRECTION('center_axis',(1.,0.,0.));
#1686=DIRECTION('ref_axis',(0.,0.,-1.));
#1687=DIRECTION('',(-1.,0.,0.));
#1688=DIRECTION('center_axis',(1.,0.,0.));
#1689=DIRECTION('ref_axis',(0.,0.,-1.));
#1690=DIRECTION('center_axis',(1.,0.,0.));
#1691=DIRECTION('ref_axis',(0.,0.,-1.));
#1692=DIRECTION('',(-0.707106781391269,8.65956055984782E-17,-0.707106780981826));
#1693=DIRECTION('center_axis',(1.,0.,0.));
#1694=DIRECTION('ref_axis',(0.,0.,-1.));
#1695=DIRECTION('center_axis',(-1.,0.,0.));
#1696=DIRECTION('ref_axis',(0.,0.,1.));
#1697=DIRECTION('center_axis',(1.,0.,0.));
#1698=DIRECTION('ref_axis',(0.,0.,-1.));
#1699=DIRECTION('',(-0.707106781964709,-8.6595605528252E-17,-0.707106780408386));
#1700=DIRECTION('center_axis',(1.,0.,0.));
#1701=DIRECTION('ref_axis',(0.,0.,-1.));
#1702=DIRECTION('center_axis',(1.,0.,0.));
#1703=DIRECTION('ref_axis',(0.,0.,-1.));
#1704=DIRECTION('center_axis',(1.,0.,0.));
#1705=DIRECTION('ref_axis',(0.,0.,-1.));
#1706=DIRECTION('',(1.,0.,0.));
#1707=DIRECTION('center_axis',(1.,0.,0.));
#1708=DIRECTION('ref_axis',(0.,0.,-1.));
#1709=DIRECTION('center_axis',(1.,0.,0.));
#1710=DIRECTION('ref_axis',(0.,0.,-1.));
#1711=DIRECTION('center_axis',(1.,0.,0.));
#1712=DIRECTION('ref_axis',(0.,0.,-1.));
#1713=DIRECTION('',(1.,0.,0.));
#1714=DIRECTION('center_axis',(1.,0.,0.));
#1715=DIRECTION('ref_axis',(0.,0.,-1.));
#1716=DIRECTION('center_axis',(1.,0.,0.));
#1717=DIRECTION('ref_axis',(0.,0.,-1.));
#1718=DIRECTION('center_axis',(1.,0.,0.));
#1719=DIRECTION('ref_axis',(0.,0.,-1.));
#1720=DIRECTION('center_axis',(1.,0.,0.));
#1721=DIRECTION('ref_axis',(0.,0.,-1.));
#1722=DIRECTION('center_axis',(1.,0.,0.));
#1723=DIRECTION('ref_axis',(0.,0.,-1.));
#1724=DIRECTION('center_axis',(1.,0.,0.));
#1725=DIRECTION('ref_axis',(0.,0.,-1.));
#1726=DIRECTION('center_axis',(1.,0.,0.));
#1727=DIRECTION('ref_axis',(0.,0.,-1.));
#1728=DIRECTION('center_axis',(1.,0.,0.));
#1729=DIRECTION('ref_axis',(0.,0.,-1.));
#1730=DIRECTION('',(0.,0.,1.));
#1731=DIRECTION('',(1.,0.,0.));
#1732=DIRECTION('',(0.,0.,1.));
#1733=DIRECTION('',(1.,0.,0.));
#1734=DIRECTION('',(0.,-0.924224592736303,-0.381849318686593));
#1735=DIRECTION('',(0.,0.381849318686593,-0.924224592736303));
#1736=DIRECTION('',(-2.01948391736579E-28,0.,1.));
#1737=DIRECTION('',(1.,-1.46657496517291E-12,2.01948391736579E-28));
#1738=DIRECTION('',(0.,0.,1.));
#1739=DIRECTION('',(1.,0.,0.));
#1740=CARTESIAN_POINT('',(0.,0.,0.));
#1741=CARTESIAN_POINT('',(0.,0.,0.));
#1742=CARTESIAN_POINT('Origin',(1028.68234617296,0.,0.));
#1743=CARTESIAN_POINT('',(30.2290555189248,1.31212187485691E-15,-10.4983565773324));
#1744=CARTESIAN_POINT('',(30.2290555189245,-1.28567787787355E-15,10.4983565773307));
#1745=CARTESIAN_POINT('Origin',(30.2290555189248,0.,0.));
#1746=CARTESIAN_POINT('',(29.8609758638604,-9.79717439317679E-16,7.99999999999841));
#1747=CARTESIAN_POINT('',(1028.68234617296,-8.31234311232361E-13,6787.54324766209));
#1748=CARTESIAN_POINT('Origin',(29.8609758638607,0.,0.));
#1749=CARTESIAN_POINT('Origin',(30.2290555189248,0.,0.));
#1750=CARTESIAN_POINT('Origin',(30.2290555189248,0.,0.));
#1751=CARTESIAN_POINT('',(22.5994715382892,-1.33856587184005E-15,-10.9302198215193));
#1752=CARTESIAN_POINT('',(30.2290555189248,-1.28567787787376E-15,-10.4983565773324));
#1753=CARTESIAN_POINT('Origin',(22.5994715382892,0.,0.));
#1754=CARTESIAN_POINT('Origin',(22.5994715382892,0.,0.));
#1755=CARTESIAN_POINT('',(22.1676082941023,-1.58537651034941E-15,-12.9455816277249));
#1756=CARTESIAN_POINT('',(22.5994715382892,-1.33856587184005E-15,-10.9302198215193));
#1757=CARTESIAN_POINT('Origin',(22.1676082941023,0.,0.));
#1758=CARTESIAN_POINT('Origin',(22.1676082941023,0.,0.));
#1759=CARTESIAN_POINT('',(11.4789930004759,-1.72200382809566E-15,-14.0612283418745));
#1760=CARTESIAN_POINT('',(22.1676082941023,-1.58537651034941E-15,-12.9455816277249));
#1761=CARTESIAN_POINT('Origin',(11.4789930004759,0.,0.));
#1762=CARTESIAN_POINT('Origin',(11.4789930004759,0.,0.));
#1763=CARTESIAN_POINT('',(0.62475498093933,-1.79724500459269E-15,-14.675619173169));
#1764=CARTESIAN_POINT('',(11.4789930004759,-1.72200382809566E-15,-14.0612283418745));
#1765=CARTESIAN_POINT('',(0.624754980939331,1.79724500459269E-15,14.675619173169));
#1766=CARTESIAN_POINT('Origin',(0.624754980939331,0.,0.));
#1767=CARTESIAN_POINT('Origin',(0.624754980939331,0.,0.));
#1768=CARTESIAN_POINT('Origin',(0.624754980939331,0.,0.));
#1769=CARTESIAN_POINT('',(0.606635970403888,-1.74512168878651E-15,14.2500000000125));
#1770=CARTESIAN_POINT('Origin',(0.606635970403888,0.,0.));
#1771=CARTESIAN_POINT('',(0.624754980939331,-1.79724500459269E-15,14.675619173169));
#1772=CARTESIAN_POINT('Origin',(7.23116002723089,-8.88178419700125E-16,
0.));
#1773=CARTESIAN_POINT('',(31.5000000000001,-1.64929640536822E-15,6.21499999998377));
#1774=CARTESIAN_POINT('Origin',(31.5000000000001,-8.88178419700125E-16,
0.));
#1775=CARTESIAN_POINT('',(31.5999999997844,-1.64929640536822E-15,6.21499999998377));
#1776=CARTESIAN_POINT('',(7.23116002723089,-1.64929640536822E-15,6.21499999998377));
#1777=CARTESIAN_POINT('Origin',(31.5999999997844,-8.88178419700125E-16,
0.));
#1778=CARTESIAN_POINT('Origin',(31.5999999997844,-8.88178419700125E-16,
0.));
#1779=CARTESIAN_POINT('',(31.9,-1.68603580934266E-15,6.51499999998396));
#1780=CARTESIAN_POINT('',(31.5999999997844,-1.64929640536822E-15,6.21499999998377));
#1781=CARTESIAN_POINT('Origin',(31.9,-8.88178419700125E-16,0.));
#1782=CARTESIAN_POINT('Origin',(7.23116002723089,-8.88178419700125E-16,
0.));
#1783=CARTESIAN_POINT('',(54.7312539811427,-1.68603580934263E-15,6.51499999998373));
#1784=CARTESIAN_POINT('',(7.23116002723089,-1.68603580934263E-15,6.51499999998373));
#1785=CARTESIAN_POINT('Origin',(54.7312539811427,-8.88178419700125E-16,
0.));
#1786=CARTESIAN_POINT('Origin',(7.23116002723089,-8.88178419700125E-16,
0.));
#1787=CARTESIAN_POINT('',(54.7312539811344,-1.51274828726526E-15,5.09999999999991));
#1788=CARTESIAN_POINT('Origin',(54.7312539811344,-8.88178419700125E-16,
0.));
#1789=CARTESIAN_POINT('',(67.331253980982,-1.51274828726526E-15,5.09999999999991));
#1790=CARTESIAN_POINT('',(7.23116002723089,-1.51274828726526E-15,5.09999999999991));
#1791=CARTESIAN_POINT('',(67.331253980982,-2.63608552134986E-16,-5.09999999999991));
#1792=CARTESIAN_POINT('Origin',(67.331253980982,-8.88178419700125E-16,0.));
#1793=CARTESIAN_POINT('Origin',(67.331253980982,-8.88178419700125E-16,0.));
#1794=CARTESIAN_POINT('Origin',(67.5312539811426,-8.88178419700125E-16,
0.));
#1795=CARTESIAN_POINT('',(67.5312539811426,-2.88101488117912E-16,4.90000000000008));
#1796=CARTESIAN_POINT('',(67.5312539811426,-1.48825535128234E-15,-4.90000000000008));
#1797=CARTESIAN_POINT('Origin',(67.5312539811426,-8.88178419700125E-16,
0.));
#1798=CARTESIAN_POINT('',(67.5312539811426,-1.48825535128234E-15,-4.90000000000008));
#1799=CARTESIAN_POINT('Origin',(67.5312539811426,-8.88178419700125E-16,
0.));
#1800=CARTESIAN_POINT('Origin',(7.23116002723089,-8.88178419700125E-16,
0.));
#1801=CARTESIAN_POINT('',(67.7312539811217,-1.48825535128234E-15,4.90000000000009));
#1802=CARTESIAN_POINT('',(7.23116002723089,-1.48825535128234E-15,4.90000000000009));
#1803=CARTESIAN_POINT('Origin',(67.7312539811217,-8.88178419700125E-16,
0.));
#1804=CARTESIAN_POINT('Origin',(7.23116002723089,-8.88178419700125E-16,
0.));
#1805=CARTESIAN_POINT('',(67.7312539811427,-1.56173415922432E-15,5.49999999994407));
#1806=CARTESIAN_POINT('Origin',(67.7312539811427,-8.88178419700125E-16,
0.));
#1807=CARTESIAN_POINT('',(68.2312539812963,-1.56173415922432E-15,5.49999999994407));
#1808=CARTESIAN_POINT('',(7.23116002723089,-1.56173415922432E-15,5.49999999994407));
#1809=CARTESIAN_POINT('Origin',(68.2312539812963,-8.88178419700125E-16,
0.));
#1810=CARTESIAN_POINT('Origin',(68.2312539811427,-8.88178419700125E-16,
0.));
#1811=CARTESIAN_POINT('',(67.9312539811426,-1.53390340211713E-16,6.));
#1812=CARTESIAN_POINT('',(67.9312539811426,-1.62296649918854E-15,-6.));
#1813=CARTESIAN_POINT('Origin',(67.9312539811426,-8.88178419700125E-16,
0.));
#1814=CARTESIAN_POINT('',(68.2312539811427,-1.58622709521412E-15,-5.70000000000006));
#1815=CARTESIAN_POINT('',(68.2312539811427,-1.58622709521412E-15,-5.70000000000006));
#1816=CARTESIAN_POINT('Origin',(68.2312539811427,-8.88178419700125E-16,
0.));
#1817=CARTESIAN_POINT('Origin',(67.9312539811426,-8.88178419700125E-16,
0.));
#1818=CARTESIAN_POINT('Origin',(7.23116002723089,-8.88178419700125E-16,
0.));
#1819=CARTESIAN_POINT('',(56.7312539811427,-1.62296649918169E-15,5.99999999994407));
#1820=CARTESIAN_POINT('',(7.23116002723089,-1.62296649918169E-15,5.99999999994407));
#1821=CARTESIAN_POINT('Origin',(56.7312539811427,-8.88178419700125E-16,
0.));
#1822=CARTESIAN_POINT('Origin',(7.23116002723089,-8.88178419700125E-16,
0.));
#1823=CARTESIAN_POINT('',(56.7312539812963,-1.58622709521412E-15,5.70000000000005));
#1824=CARTESIAN_POINT('Origin',(56.7312539812963,-8.88178419700125E-16,
0.));
#1825=CARTESIAN_POINT('',(56.2312539811427,-1.58622709521412E-15,5.70000000000005));
#1826=CARTESIAN_POINT('',(7.23116002723089,-1.58622709521412E-15,5.70000000000005));
#1827=CARTESIAN_POINT('Origin',(56.2312539811427,-8.88178419700125E-16,
0.));
#1828=CARTESIAN_POINT('Origin',(56.2312539811428,-8.88178419700125E-16,
0.));
#1829=CARTESIAN_POINT('',(55.9312539811426,9.15390196177571E-17,8.));
#1830=CARTESIAN_POINT('',(55.9312539811426,-1.86789585901801E-15,-8.));
#1831=CARTESIAN_POINT('Origin',(55.9312539811426,-8.88178419700125E-16,
0.));
#1832=CARTESIAN_POINT('',(56.2312539811428,-1.83115645506453E-15,-7.70000000017104));
#1833=CARTESIAN_POINT('',(56.2312539811428,-1.83115645506453E-15,-7.70000000017104));
#1834=CARTESIAN_POINT('Origin',(56.2312539811428,-8.88178419700125E-16,
0.));
#1835=CARTESIAN_POINT('Origin',(55.9312539811426,-8.88178419700125E-16,
0.));
#1836=CARTESIAN_POINT('Origin',(7.23116002723089,-8.88178419700125E-16,
0.));
#1837=CARTESIAN_POINT('',(34.0312539811719,-1.86789585901801E-15,8.));
#1838=CARTESIAN_POINT('',(7.23116002723089,-1.86789585901801E-15,8.));
#1839=CARTESIAN_POINT('Origin',(34.0312539811719,-8.88178419700125E-16,
0.));
#1840=CARTESIAN_POINT('Origin',(33.7312539810953,-8.88178419700125E-16,
0.));
#1841=CARTESIAN_POINT('',(33.7312539810953,4.71179527353453E-16,11.1000000000001));
#1842=CARTESIAN_POINT('',(33.7312539810953,-2.2475363667537E-15,-11.1000000000001));
#1843=CARTESIAN_POINT('Origin',(33.7312539810953,-8.88178419700125E-16,
0.));
#1844=CARTESIAN_POINT('',(34.0312539811428,-2.21079696277929E-15,-10.8000000000002));
#1845=CARTESIAN_POINT('',(33.7312539810953,-2.2475363667537E-15,-11.1000000000001));
#1846=CARTESIAN_POINT('Origin',(34.0312539811428,-8.88178419700125E-16,
0.));
#1847=CARTESIAN_POINT('Origin',(33.7312539810953,-8.88178419700125E-16,
0.));
#1848=CARTESIAN_POINT('Origin',(7.23116002723089,-8.88178419700125E-16,
0.));
#1849=CARTESIAN_POINT('',(24.5316285335036,-2.2475363667537E-15,11.1000000000001));
#1850=CARTESIAN_POINT('',(7.23116002723089,-2.2475363667537E-15,11.1000000000001));
#1851=CARTESIAN_POINT('Origin',(24.5316285335036,-8.88178419700125E-16,
0.));
#1852=CARTESIAN_POINT('Origin',(24.2316285333652,-8.88178419700125E-16,
0.));
#1853=CARTESIAN_POINT('',(24.2316285333652,9.24298843040694E-16,14.7999999999999));
#1854=CARTESIAN_POINT('',(24.2316285333652,-2.7006556824382E-15,-14.7999999999999));
#1855=CARTESIAN_POINT('Origin',(24.2316285333652,-8.88178419700125E-16,
0.));
#1856=CARTESIAN_POINT('',(24.5316285335036,-2.66391627846379E-15,-14.5));
#1857=CARTESIAN_POINT('',(24.2316285333652,-2.7006556824382E-15,-14.7999999999999));
#1858=CARTESIAN_POINT('Origin',(24.5316285335036,-8.88178419700125E-16,
0.));
#1859=CARTESIAN_POINT('Origin',(24.2316285333652,-8.88178419700125E-16,
0.));
#1860=CARTESIAN_POINT('Origin',(7.23116002723089,-8.88178419700125E-16,
0.));
#1861=CARTESIAN_POINT('',(6.10000000000003,-2.70065568244369E-15,14.8000000000447));
#1862=CARTESIAN_POINT('',(7.23116002723089,-2.70065568244369E-15,14.8000000000447));
#1863=CARTESIAN_POINT('Origin',(6.10000000000003,-8.88178419700125E-16,
0.));
#1864=CARTESIAN_POINT('Origin',(5.80003587437637,-8.88178419700125E-16,
0.));
#1865=CARTESIAN_POINT('',(5.80003587437637,1.01002411898377E-15,15.5));
#1866=CARTESIAN_POINT('',(5.80003587437636,-2.78638095837852E-15,-15.5));
#1867=CARTESIAN_POINT('Origin',(5.80003587437637,-8.88178419700125E-16,
0.));
#1868=CARTESIAN_POINT('',(6.09999999997968,-2.74964594776325E-15,-15.2000358744999));
#1869=CARTESIAN_POINT('',(5.80003587437637,-2.78638095837852E-15,-15.5));
#1870=CARTESIAN_POINT('Origin',(6.09999999997967,-8.88178419700125E-16,
0.));
#1871=CARTESIAN_POINT('Origin',(5.80003587437637,-8.88178419700125E-16,
0.));
#1872=CARTESIAN_POINT('Origin',(7.23116002723089,-8.88178419700125E-16,
0.));
#1873=CARTESIAN_POINT('',(0.299964125680051,-2.78638095838952E-15,15.5000000000898));
#1874=CARTESIAN_POINT('',(7.23116002723089,-2.78638095838952E-15,15.5000000000898));
#1875=CARTESIAN_POINT('Origin',(0.299964125680051,-8.88178419700125E-16,
0.));
#1876=CARTESIAN_POINT('Origin',(3.46944695195361E-15,-8.88178419700125E-16,
0.));
#1877=CARTESIAN_POINT('',(3.46944695195361E-15,-2.74964594776325E-15,15.2000358744999));
#1878=CARTESIAN_POINT('',(3.46944695195361E-15,-2.74964594776325E-15,15.2000358744999));
#1879=CARTESIAN_POINT('Origin',(3.46944695195361E-15,-8.88178419700125E-16,
0.));
#1880=CARTESIAN_POINT('Origin',(1.73472347597681E-15,-8.88178419700125E-16,
0.));
#1881=CARTESIAN_POINT('',(0.10003587447477,8.56943269087916E-16,14.250000000025));
#1882=CARTESIAN_POINT('',(0.100035874474772,-2.63330010848817E-15,-14.250000000025));
#1883=CARTESIAN_POINT('Origin',(0.10003587447477,-8.88178419700125E-16,
0.));
#1884=CARTESIAN_POINT('',(1.27464441821629E-15,-2.64555096983568E-15,-14.3500358744996));
#1885=CARTESIAN_POINT('',(1.73472347597681E-15,-2.64555096983568E-15,-14.3500358744996));
#1886=CARTESIAN_POINT('Origin',(1.73472347597681E-15,-8.88178419700125E-16,
0.));
#1887=CARTESIAN_POINT('Origin',(0.10003587447477,-8.88178419700125E-16,
0.));
#1888=CARTESIAN_POINT('Origin',(7.23116002723089,-8.88178419700125E-16,
0.));
#1889=CARTESIAN_POINT('',(31.5000000002733,-1.86789585901801E-15,8.));
#1890=CARTESIAN_POINT('',(7.23116002723089,-1.86789585901801E-15,8.));
#1891=CARTESIAN_POINT('Origin',(31.5000000002733,-8.88178419700125E-16,
0.));
#1892=CARTESIAN_POINT('Origin',(7.23116002723089,-8.88178419700125E-16,
0.));
#1893=CARTESIAN_POINT('',(7.23116002723089,-2.63330010848664E-15,14.2500000000125));
#1894=CARTESIAN_POINT('Origin',(2.60208521396521E-15,0.,0.));
#1895=CARTESIAN_POINT('Origin',(6.09999999998985,-3.10310296265453E-10,
0.));
#1896=CARTESIAN_POINT('Origin',(24.5316285335036,0.,0.));
#1897=CARTESIAN_POINT('Origin',(34.0312539811573,-3.53702878487551E-10,
0.));
#1898=CARTESIAN_POINT('Origin',(56.2312539811427,3.1214616434036E-12,0.));
#1899=CARTESIAN_POINT('Origin',(56.7312539812195,-2.90436558172733E-8,0.));
#1900=CARTESIAN_POINT('Origin',(68.2312539812195,-5.23966486766209E-8,0.));
#1901=CARTESIAN_POINT('Origin',(67.7312539811322,2.37339892647252E-9,0.));
#1902=CARTESIAN_POINT('Origin',(54.7312539811385,3.20996565420549E-10,0.));
#1903=CARTESIAN_POINT('Origin',(31.5000000001367,4.82102103317647E-9,0.));
#1904=CARTESIAN_POINT('',(0.,0.,0.));
#1905=CARTESIAN_POINT('Origin',(1002.1241615994,0.,0.));
#1906=CARTESIAN_POINT('',(3.22912693462801,3.03066796631325E-17,7.5000000000224));
#1907=CARTESIAN_POINT('Origin',(3.22912693462801,0.,0.));
#1908=CARTESIAN_POINT('',(2.12416159940076,0.,0.));
#1909=CARTESIAN_POINT('',(1002.1241615994,-8.31234311232361E-13,6787.54324766209));
#1910=CARTESIAN_POINT('Ctrl Pts',(3.25000076196049,-8.88176910922688E-16,
1.3874230269436E-15));
#1911=CARTESIAN_POINT('Ctrl Pts',(3.25000076196049,-2.27559993786629E-15,
1.3874230269436E-15));
#1912=CARTESIAN_POINT('Ctrl Pts',(3.25000076196049,-2.27559993786629E-15,
0.));
#1913=CARTESIAN_POINT('Ctrl Pts',(3.25000076196049,-2.27559993786629E-15,
-1.3874230269436E-15));
#1914=CARTESIAN_POINT('Ctrl Pts',(3.25000076196049,-8.88176910922688E-16,
-1.3874230269436E-15));
#1915=CARTESIAN_POINT('Ctrl Pts',(3.25000076196049,4.99246116020911E-16,
-1.3874230269436E-15));
#1916=CARTESIAN_POINT('Ctrl Pts',(3.25000076196049,4.99246116020911E-16,
0.));
#1917=CARTESIAN_POINT('Ctrl Pts',(3.25000076196049,4.99246116020911E-16,
1.3874230269436E-15));
#1918=CARTESIAN_POINT('Ctrl Pts',(3.25000076196049,-8.88176910922688E-16,
1.3874230269436E-15));
#1919=CARTESIAN_POINT('Ctrl Pts',(3.24999687393243,-8.88176910922688E-16,
3.39325194588569));
#1920=CARTESIAN_POINT('Ctrl Pts',(3.24999687393243,-3.39325194588569,3.39325194588569));
#1921=CARTESIAN_POINT('Ctrl Pts',(3.24999687393243,-3.39325194588569,0.));
#1922=CARTESIAN_POINT('Ctrl Pts',(3.24999687393243,-3.39325194588569,-3.39325194588569));
#1923=CARTESIAN_POINT('Ctrl Pts',(3.24999687393243,-8.88176910922688E-16,
-3.39325194588569));
#1924=CARTESIAN_POINT('Ctrl Pts',(3.24999687393243,3.39325194588569,-3.39325194588569));
#1925=CARTESIAN_POINT('Ctrl Pts',(3.24999687393243,3.39325194588569,0.));
#1926=CARTESIAN_POINT('Ctrl Pts',(3.24999687393243,3.39325194588569,3.39325194588569));
#1927=CARTESIAN_POINT('Ctrl Pts',(3.24999687393243,-8.88176910922688E-16,
3.39325194588569));
#1928=CARTESIAN_POINT('Ctrl Pts',(4.69999999999186,-8.88176910922688E-16,
6.46109315799072));
#1929=CARTESIAN_POINT('Ctrl Pts',(4.69999999999186,-6.46109315799072,6.46109315799072));
#1930=CARTESIAN_POINT('Ctrl Pts',(4.69999999999186,-6.46109315799072,0.));
#1931=CARTESIAN_POINT('Ctrl Pts',(4.69999999999186,-6.46109315799072,-6.46109315799072));
#1932=CARTESIAN_POINT('Ctrl Pts',(4.69999999999186,-8.88176910922688E-16,
-6.46109315799072));
#1933=CARTESIAN_POINT('Ctrl Pts',(4.69999999999186,6.46109315799071,-6.46109315799072));
#1934=CARTESIAN_POINT('Ctrl Pts',(4.69999999999186,6.46109315799072,0.));
#1935=CARTESIAN_POINT('Ctrl Pts',(4.69999999999186,6.46109315799071,6.46109315799072));
#1936=CARTESIAN_POINT('Ctrl Pts',(4.69999999999186,-8.88176910922688E-16,
6.46109315799072));
#1937=CARTESIAN_POINT('',(3.25000076196049,-8.88176910922688E-16,-1.3874230269436E-15));
#1938=CARTESIAN_POINT('',(4.69999999999186,-9.69212054300683E-17,6.46109315799072));
#1939=CARTESIAN_POINT('Origin',(18.3700082639227,-8.88179032584414E-16,
1.73246827386286E-5));
#1940=CARTESIAN_POINT('Origin',(4.69999999999186,-8.88178419700125E-16,
0.));
#1941=CARTESIAN_POINT('Origin',(4.59999999999172,-8.88178419700125E-16,
0.));
#1942=CARTESIAN_POINT('',(4.59999999999172,3.03066796631325E-17,7.5000000000224));
#1943=CARTESIAN_POINT('',(4.59999999999172,-1.80666351906338E-15,-7.5000000000224));
#1944=CARTESIAN_POINT('Origin',(4.59999999999172,-8.88178419700125E-16,
0.));
#1945=CARTESIAN_POINT('',(4.69999999999186,-1.79441705107191E-15,-7.40000000002237));
#1946=CARTESIAN_POINT('',(4.59999999999172,-1.80666351906338E-15,-7.5000000000224));
#1947=CARTESIAN_POINT('Origin',(4.69999999999186,-8.88178419700125E-16,
0.));
#1948=CARTESIAN_POINT('Origin',(4.59999999999172,-8.88178419700125E-16,
0.));
#1949=CARTESIAN_POINT('Origin',(7.23116002723089,-8.88178419700125E-16,
0.));
#1950=CARTESIAN_POINT('',(7.23116002723089,-1.80666351906338E-15,7.5000000000224));
#1951=CARTESIAN_POINT('Origin',(4.69999999999186,-6.46109315799072,0.));
#1952=CARTESIAN_POINT('',(0.,0.,0.));
#1953=CARTESIAN_POINT('Origin',(0.,1.756000003054,0.));
#1954=CARTESIAN_POINT('',(-1.65327317884461E-15,0.,-13.4999999999648));
#1955=CARTESIAN_POINT('Origin',(0.,0.,0.));
#1956=CARTESIAN_POINT('',(-1.65327317884461E-15,-0.0499999999999545,-13.4999999999648));
#1957=CARTESIAN_POINT('',(-1.65327317884461E-15,1.756000003054,-13.4999999999648));
#1958=CARTESIAN_POINT('Origin',(0.,-0.0499999999999546,0.));
#1959=CARTESIAN_POINT('Origin',(0.,1.756000003054,0.));
#1960=CARTESIAN_POINT('',(-1.38507552983133E-15,-0.0499999999999545,-11.3099999999647));
#1961=CARTESIAN_POINT('Origin',(0.,-0.0499999999999546,0.));
#1962=CARTESIAN_POINT('',(-1.38507552983133E-15,-2.77555756156289E-16,-11.3099999999647));
#1963=CARTESIAN_POINT('',(-1.38507552983133E-15,1.756000003054,-11.3099999999647));
#1964=CARTESIAN_POINT('Origin',(0.,0.,0.));
#1965=CARTESIAN_POINT('Origin',(-11.3099999999647,-0.0499999999999545,0.));
#1966=CARTESIAN_POINT('Origin',(-11.3099999999647,0.,0.));
#1967=CARTESIAN_POINT('',(0.,0.,0.));
#1968=CARTESIAN_POINT('Origin',(4.29114385196134,3.69832784715799E-7,1.21852964102641E-6));
#1969=CARTESIAN_POINT('',(3.66638887102201,3.69832784715799E-7,1.21852964102641E-6));
#1970=CARTESIAN_POINT('',(4.27302484142535,3.69832786134813E-7,14.2500012185292));
#1971=CARTESIAN_POINT('',(4.29114385196134,3.69832786177196E-7,14.6756203916986));
#1972=CARTESIAN_POINT('',(4.2730248414269,14.2500000000054,-1.74512168878492E-15));
#1973=CARTESIAN_POINT('Origin',(4.27302484142535,3.69832784715799E-7,1.21852964102641E-6));
#1974=CARTESIAN_POINT('Origin',(4.27302484142535,3.69832784715799E-7,1.21852964102641E-6));
#1975=CARTESIAN_POINT('Ctrl Pts',(3.46808099848856,14.2500000000033,0.));
#1976=CARTESIAN_POINT('Ctrl Pts',(3.46808099848856,14.2500000000033,-14.2499999999986));
#1977=CARTESIAN_POINT('Ctrl Pts',(3.46808099850946,4.6529947032261E-12,
-14.2499999999986));
#1978=CARTESIAN_POINT('Ctrl Pts',(3.46808099853035,-14.249999999994,-14.2499999999986));
#1979=CARTESIAN_POINT('Ctrl Pts',(3.46808099853035,-14.249999999994,0.));
#1980=CARTESIAN_POINT('Ctrl Pts',(3.46808099853035,-14.249999999994,14.2499999999986));
#1981=CARTESIAN_POINT('Ctrl Pts',(3.46808099850946,4.6529947032261E-12,
14.2499999999986));
#1982=CARTESIAN_POINT('Ctrl Pts',(3.46808099848856,14.2500000000033,14.2499999999986));
#1983=CARTESIAN_POINT('Ctrl Pts',(3.46808099848856,14.2500000000033,0.));
#1984=CARTESIAN_POINT('Ctrl Pts',(2.5422986111576E-6,7.5470199360814,0.));
#1985=CARTESIAN_POINT('Ctrl Pts',(2.5422986111576E-6,7.54701993608139,-7.54701993608183));
#1986=CARTESIAN_POINT('Ctrl Pts',(2.5423096783328E-6,-4.33202337892023E-13,
-7.54701993608183));
#1987=CARTESIAN_POINT('Ctrl Pts',(2.542320745508E-6,-7.54701993608226,-7.54701993608183));
#1988=CARTESIAN_POINT('Ctrl Pts',(2.542320745508E-6,-7.54701993608226,0.));
#1989=CARTESIAN_POINT('Ctrl Pts',(2.542320745508E-6,-7.54701993608226,7.54701993608183));
#1990=CARTESIAN_POINT('Ctrl Pts',(2.5423096783328E-6,-4.33202337892023E-13,
7.54701993608183));
#1991=CARTESIAN_POINT('Ctrl Pts',(2.5422986111576E-6,7.54701993608139,7.54701993608183));
#1992=CARTESIAN_POINT('Ctrl Pts',(2.5422986111576E-6,7.5470199360814,0.));
#1993=CARTESIAN_POINT('Ctrl Pts',(0.,-4.34613049101573E-13,0.));
#1994=CARTESIAN_POINT('Ctrl Pts',(0.,-4.34613049101573E-13,1.40698272182509E-15));
#1995=CARTESIAN_POINT('Ctrl Pts',(0.,-4.33206066379748E-13,1.40698272182509E-15));
#1996=CARTESIAN_POINT('Ctrl Pts',(0.,-4.31799083657923E-13,1.40698272182509E-15));
#1997=CARTESIAN_POINT('Ctrl Pts',(0.,-4.31799083657923E-13,0.));
#1998=CARTESIAN_POINT('Ctrl Pts',(0.,-4.31799083657923E-13,-1.40698272182509E-15));
#1999=CARTESIAN_POINT('Ctrl Pts',(0.,-4.33206066379748E-13,-1.40698272182509E-15));
#2000=CARTESIAN_POINT('Ctrl Pts',(0.,-4.34613049101573E-13,-1.40698272182509E-15));
#2001=CARTESIAN_POINT('Ctrl Pts',(0.,-4.34613049101573E-13,0.));
#2002=CARTESIAN_POINT('',(0.,-4.33206066369684E-13,0.));
#2003=CARTESIAN_POINT('',(3.46808099848856,14.2500000000033,-1.74512168878481E-15));
#2004=CARTESIAN_POINT('Origin',(31.0099999998338,-1.04460679591145E-5,1.27927988543677E-21));
#2005=CARTESIAN_POINT('Origin',(3.46808099850946,4.65299470323617E-12,0.));
#2006=CARTESIAN_POINT('Origin',(0.,-4.33206066369684E-13,0.));
#2007=CARTESIAN_POINT('',(-2.08986932537133E-11,14.2499999999991,-1.74512168878492E-15));
#2008=CARTESIAN_POINT('',(0.,0.,0.));
#2009=CARTESIAN_POINT('Origin',(7.23116002723089,-8.88178419700125E-16,
0.));
#2010=CARTESIAN_POINT('',(2.00030063955001,-2.65166429956171E-15,14.399955));
#2011=CARTESIAN_POINT('Origin',(2.00030063955001,-8.88178419700125E-16,
0.));
#2012=CARTESIAN_POINT('',(3.00030063955001,-2.65166429956171E-15,14.399955));
#2013=CARTESIAN_POINT('',(7.23116002723089,-2.65166429956171E-15,14.399955));
#2014=CARTESIAN_POINT('Origin',(3.00030063955001,-8.88178419700125E-16,
0.));
#2015=CARTESIAN_POINT('Origin',(7.23116002723089,-8.88178419700125E-16,
0.));
#2016=CARTESIAN_POINT('',(3.00030063955001,-2.60267842759829E-15,13.9999550000201));
#2017=CARTESIAN_POINT('Origin',(3.00030063955001,-8.88178419700125E-16,
0.));
#2018=CARTESIAN_POINT('',(3.90797161304397,-2.60267842759829E-15,13.9999550000201));
#2019=CARTESIAN_POINT('',(7.23116002723089,-2.60267842759829E-15,13.9999550000201));
#2020=CARTESIAN_POINT('',(3.90797161304397,8.26321588200501E-16,-13.9999550000402));
#2021=CARTESIAN_POINT('Origin',(3.90797161304397,-8.88178419700125E-16,
0.));
#2022=CARTESIAN_POINT('Origin',(3.90797161304397,-8.88178419700125E-16,
0.));
#2023=CARTESIAN_POINT('Origin',(4.19792661308418,-8.88178419700125E-16,
0.));
#2024=CARTESIAN_POINT('',(4.19792661308418,7.90812341930956E-16,13.7100000000005));
#2025=CARTESIAN_POINT('',(4.19792661308418,-2.56716918133121E-15,-13.7100000000005));
#2026=CARTESIAN_POINT('Origin',(4.19792661308418,-8.88178419700125E-16,
0.));
#2027=CARTESIAN_POINT('',(4.19792661308418,-2.56716918133121E-15,-13.7100000000005));
#2028=CARTESIAN_POINT('Origin',(4.19792661308418,-8.88178419700125E-16,
0.));
#2029=CARTESIAN_POINT('Origin',(7.23116002723089,-8.88178419700125E-16,
0.));
#2030=CARTESIAN_POINT('',(4.2979266130842,-2.56716918133119E-15,13.7100000000004));
#2031=CARTESIAN_POINT('',(7.23116002723089,-2.56716918133119E-15,13.7100000000004));
#2032=CARTESIAN_POINT('Origin',(4.2979266130842,-8.88178419700125E-16,0.));
#2033=CARTESIAN_POINT('Origin',(7.23116002723089,-8.88178419700125E-16,
0.));
#2034=CARTESIAN_POINT('',(4.297926613046,-2.79250858573337E-15,15.5500358744996));
#2035=CARTESIAN_POINT('Origin',(4.297926613046,-8.88178419700125E-16,0.));
#2036=CARTESIAN_POINT('',(5.50000000019691,-2.79250858573337E-15,15.5500358744996));
#2037=CARTESIAN_POINT('',(7.23116002723089,-2.79250858573337E-15,15.5500358744996));
#2038=CARTESIAN_POINT('Origin',(5.50000000019691,-8.88178419700125E-16,
0.));
#2039=CARTESIAN_POINT('Origin',(7.23116002723089,-8.88178419700125E-16,
0.));
#2040=CARTESIAN_POINT('',(5.5,-2.75576918175898E-15,15.2500358744999));
#2041=CARTESIAN_POINT('Origin',(5.5,-8.88178419700125E-16,0.));
#2042=CARTESIAN_POINT('',(10.6999999997353,-2.75576918175898E-15,15.2500358744999));
#2043=CARTESIAN_POINT('',(7.23116002723089,-2.75576918175898E-15,15.2500358744999));
#2044=CARTESIAN_POINT('Origin',(10.6999999997353,-8.88178419700125E-16,
0.));
#2045=CARTESIAN_POINT('Origin',(10.6999999997353,-8.88178419700125E-16,
0.));
#2046=CARTESIAN_POINT('',(11.5,-2.85374092569074E-15,16.0500358744996));
#2047=CARTESIAN_POINT('',(10.6999999997353,-2.75576918175898E-15,15.2500358744999));
#2048=CARTESIAN_POINT('Origin',(11.5,-8.88178419700125E-16,0.));
#2049=CARTESIAN_POINT('Origin',(11.4000000000922,-8.88178419700125E-16,
0.));
#2050=CARTESIAN_POINT('',(11.4000000000922,1.13248879889301E-15,16.5));
#2051=CARTESIAN_POINT('',(11.4000000000922,-2.90884563829326E-15,-16.5));
#2052=CARTESIAN_POINT('Origin',(11.4000000000922,-8.88178419700125E-16,
0.));
#2053=CARTESIAN_POINT('',(11.5,-2.89659917030177E-15,-16.3999999999999));
#2054=CARTESIAN_POINT('',(11.4000000000922,-2.90884563829326E-15,-16.5));
#2055=CARTESIAN_POINT('Origin',(11.5,-8.88178419700125E-16,0.));
#2056=CARTESIAN_POINT('Origin',(11.4000000000922,-8.88178419700125E-16,
0.));
#2057=CARTESIAN_POINT('Origin',(7.23116002723089,-8.88178419700125E-16,
0.));
#2058=CARTESIAN_POINT('',(0.30000000017367,-2.90884563829326E-15,16.5));
#2059=CARTESIAN_POINT('',(7.23116002723089,-2.90884563829326E-15,16.5));
#2060=CARTESIAN_POINT('Origin',(0.30000000017367,-8.88178419700125E-16,
0.));
#2061=CARTESIAN_POINT('Origin',(0.30000000017367,-8.88178419700125E-16,
0.));
#2062=CARTESIAN_POINT('',(2.04697370165263E-15,-2.87210623431884E-15,16.2));
#2063=CARTESIAN_POINT('',(0.30000000017367,-2.90884563829326E-15,16.5));
#2064=CARTESIAN_POINT('Origin',(1.73472347597681E-15,-8.88178419700125E-16,
0.));
#2065=CARTESIAN_POINT('Origin',(1.73472347597681E-15,-8.88178419700125E-16,
0.));
#2066=CARTESIAN_POINT('',(0.100000000220237,9.73279204093261E-16,15.199955));
#2067=CARTESIAN_POINT('',(0.100000000220238,-2.74963604349351E-15,-15.199955));
#2068=CARTESIAN_POINT('Origin',(0.100000000220237,-8.88178419700125E-16,
0.));
#2069=CARTESIAN_POINT('',(1.14608197500156E-15,-2.761882511485E-15,-15.2999550000002));
#2070=CARTESIAN_POINT('',(1.73472347597681E-15,-2.761882511485E-15,-15.2999550000002));
#2071=CARTESIAN_POINT('Origin',(1.73472347597681E-15,-8.88178419700125E-16,
0.));
#2072=CARTESIAN_POINT('Origin',(0.100000000220237,-8.88178419700125E-16,
0.));
#2073=CARTESIAN_POINT('Origin',(7.23116002723089,-8.88178419700125E-16,
0.));
#2074=CARTESIAN_POINT('',(1.00030063961072,-2.74963604349351E-15,15.199955));
#2075=CARTESIAN_POINT('',(7.23116002723089,-2.74963604349351E-15,15.199955));
#2076=CARTESIAN_POINT('Origin',(1.00030063961072,-8.88178419700125E-16,
0.));
#2077=CARTESIAN_POINT('Origin',(7.23116002723089,-8.88178419700125E-16,
0.));
#2078=CARTESIAN_POINT('',(1.00030063955001,-2.70065017152762E-15,14.7999550000001));
#2079=CARTESIAN_POINT('Origin',(1.00030063955001,-8.88178419700125E-16,
0.));
#2080=CARTESIAN_POINT('',(2.00030063955001,-2.70065017152762E-15,14.7999550000001));
#2081=CARTESIAN_POINT('',(7.23116002723089,-2.70065017152762E-15,14.7999550000001));
#2082=CARTESIAN_POINT('Origin',(2.00030063955001,-8.88178419700125E-16,
0.));
#2083=CARTESIAN_POINT('Origin',(1.00030063958036,1.51817669452666E-10,0.));
#2084=CARTESIAN_POINT('Origin',(1.75554015768853E-15,0.,0.));
#2085=CARTESIAN_POINT('Origin',(11.5,0.,0.));
#2086=CARTESIAN_POINT('Origin',(5.50000000009845,3.60992485247185E-9,0.));
#2087=CARTESIAN_POINT('Origin',(4.2979266130651,-8.92257355899948E-11,0.));
#2088=CARTESIAN_POINT('Origin',(3.00030063955001,0.,0.));
#2089=CARTESIAN_POINT('Origin',(2.00030063955001,0.,0.));
#2090=CARTESIAN_POINT('',(0.,0.,0.));
#2091=CARTESIAN_POINT('',(26.5581845735544,0.,0.));
#2092=CARTESIAN_POINT('',(10.0038640227102,-8.88178419700125E-16,1.92592994438724E-31));
#2093=CARTESIAN_POINT('',(-3.66638887102201,-3.69936799777956E-7,-1.21852964102641E-6));
#2094=CARTESIAN_POINT('',(-4.80000000001016,0.,0.));
#2095=UNCERTAINTY_MEASURE_WITH_UNIT(LENGTH_MEASURE(0.01),#2109,
'DISTANCE_ACCURACY_VALUE',
'Maximum model space distance between geometric entities at asserted c
onnectivities');
#2096=UNCERTAINTY_MEASURE_WITH_UNIT(LENGTH_MEASURE(0.01),#2109,
'DISTANCE_ACCURACY_VALUE',
'Maximum model space distance between geometric entities at asserted c
onnectivities');
#2097=UNCERTAINTY_MEASURE_WITH_UNIT(LENGTH_MEASURE(0.01),#2109,
'DISTANCE_ACCURACY_VALUE',
'Maximum model space distance between geometric entities at asserted c
onnectivities');
#2098=UNCERTAINTY_MEASURE_WITH_UNIT(LENGTH_MEASURE(0.01),#2109,
'DISTANCE_ACCURACY_VALUE',
'Maximum model space distance between geometric entities at asserted c
onnectivities');
#2099=UNCERTAINTY_MEASURE_WITH_UNIT(LENGTH_MEASURE(0.01),#2109,
'DISTANCE_ACCURACY_VALUE',
'Maximum model space distance between geometric entities at asserted c
onnectivities');
#2100=UNCERTAINTY_MEASURE_WITH_UNIT(LENGTH_MEASURE(0.01),#2109,
'DISTANCE_ACCURACY_VALUE',
'Maximum model space distance between geometric entities at asserted c
onnectivities');
#2101=UNCERTAINTY_MEASURE_WITH_UNIT(LENGTH_MEASURE(0.01),#2109,
'DISTANCE_ACCURACY_VALUE',
'Maximum model space distance between geometric entities at asserted c
onnectivities');
#2102=(
GEOMETRIC_REPRESENTATION_CONTEXT(3)
GLOBAL_UNCERTAINTY_ASSIGNED_CONTEXT((#2095))
GLOBAL_UNIT_ASSIGNED_CONTEXT((#2109,#2111,#2112))
REPRESENTATION_CONTEXT('','3D')
);
#2103=(
GEOMETRIC_REPRESENTATION_CONTEXT(3)
GLOBAL_UNCERTAINTY_ASSIGNED_CONTEXT((#2096))
GLOBAL_UNIT_ASSIGNED_CONTEXT((#2109,#2111,#2112))
REPRESENTATION_CONTEXT('','3D')
);
#2104=(
GEOMETRIC_REPRESENTATION_CONTEXT(3)
GLOBAL_UNCERTAINTY_ASSIGNED_CONTEXT((#2097))
GLOBAL_UNIT_ASSIGNED_CONTEXT((#2109,#2111,#2112))
REPRESENTATION_CONTEXT('','3D')
);
#2105=(
GEOMETRIC_REPRESENTATION_CONTEXT(3)
GLOBAL_UNCERTAINTY_ASSIGNED_CONTEXT((#2098))
GLOBAL_UNIT_ASSIGNED_CONTEXT((#2109,#2111,#2112))
REPRESENTATION_CONTEXT('','3D')
);
#2106=(
GEOMETRIC_REPRESENTATION_CONTEXT(3)
GLOBAL_UNCERTAINTY_ASSIGNED_CONTEXT((#2099))
GLOBAL_UNIT_ASSIGNED_CONTEXT((#2109,#2111,#2112))
REPRESENTATION_CONTEXT('','3D')
);
#2107=(
GEOMETRIC_REPRESENTATION_CONTEXT(3)
GLOBAL_UNCERTAINTY_ASSIGNED_CONTEXT((#2100))
GLOBAL_UNIT_ASSIGNED_CONTEXT((#2109,#2111,#2112))
REPRESENTATION_CONTEXT('','3D')
);
#2108=(
GEOMETRIC_REPRESENTATION_CONTEXT(3)
GLOBAL_UNCERTAINTY_ASSIGNED_CONTEXT((#2101))
GLOBAL_UNIT_ASSIGNED_CONTEXT((#2109,#2111,#2112))
REPRESENTATION_CONTEXT('','3D')
);
#2109=(
LENGTH_UNIT()
NAMED_UNIT(*)
SI_UNIT(.MILLI.,.METRE.)
);
#2110=(
LENGTH_UNIT()
NAMED_UNIT(*)
SI_UNIT(.CENTI.,.METRE.)
);
#2111=(
NAMED_UNIT(*)
PLANE_ANGLE_UNIT()
SI_UNIT($,.RADIAN.)
);
#2112=(
NAMED_UNIT(*)
SI_UNIT($,.STERADIAN.)
SOLID_ANGLE_UNIT()
);
#2113=SHAPE_DEFINITION_REPRESENTATION(#2119,#2130);
#2114=SHAPE_DEFINITION_REPRESENTATION(#2120,#2131);
#2115=SHAPE_DEFINITION_REPRESENTATION(#2121,#2132);
#2116=SHAPE_DEFINITION_REPRESENTATION(#2122,#2133);
#2117=SHAPE_DEFINITION_REPRESENTATION(#2123,#2134);
#2118=SHAPE_DEFINITION_REPRESENTATION(#2124,#2135);
#2119=PRODUCT_DEFINITION_SHAPE('',$,#2137);
#2120=PRODUCT_DEFINITION_SHAPE('',$,#2138);
#2121=PRODUCT_DEFINITION_SHAPE('',$,#2139);
#2122=PRODUCT_DEFINITION_SHAPE('',$,#2140);
#2123=PRODUCT_DEFINITION_SHAPE('',$,#2141);
#2124=PRODUCT_DEFINITION_SHAPE('',$,#2142);
#2125=PRODUCT_DEFINITION_SHAPE($,$,#26);
#2126=PRODUCT_DEFINITION_SHAPE($,$,#27);
#2127=PRODUCT_DEFINITION_SHAPE($,$,#28);
#2128=PRODUCT_DEFINITION_SHAPE($,$,#29);
#2129=PRODUCT_DEFINITION_SHAPE($,$,#30);
#2130=SHAPE_REPRESENTATION('',(#1197,#1357,#1358,#1359,#1360,#1361),#2102);
#2131=SHAPE_REPRESENTATION('',(#1198),#2103);
#2132=SHAPE_REPRESENTATION('',(#1285),#2104);
#2133=SHAPE_REPRESENTATION('',(#1296),#2105);
#2134=SHAPE_REPRESENTATION('',(#1305),#2106);
#2135=SHAPE_REPRESENTATION('',(#1312),#2107);
#2136=PRODUCT_DEFINITION_CONTEXT('part definition',#2156,'design');
#2137=PRODUCT_DEFINITION('CIL100-F3.6-M12ANIR','CIL100-F3.6-M12ANIR',#2143,
#2136);
#2138=PRODUCT_DEFINITION('\X2\4E3B955C7B52\X0\','\X2\4E3B955C7B52\X0\',
#2144,#2136);
#2139=PRODUCT_DEFINITION('D-3','D-3',#2145,#2136);
#2140=PRODUCT_DEFINITION('\X2\9EA662C97247\X0\','\X2\9EA662C97247\X0\',
#2146,#2136);
#2141=PRODUCT_DEFINITION('A','A',#2147,#2136);
#2142=PRODUCT_DEFINITION('\X2\538B5708\X0\','\X2\538B5708\X0\',#2148,#2136);
#2143=PRODUCT_DEFINITION_FORMATION('\X\E4\X\BB',$,#2158);
#2144=PRODUCT_DEFINITION_FORMATION('\X\E4\X\BB',$,#2159);
#2145=PRODUCT_DEFINITION_FORMATION('\X\E4\X\BB',$,#2160);
#2146=PRODUCT_DEFINITION_FORMATION('\X\E4\X\BB',$,#2161);
#2147=PRODUCT_DEFINITION_FORMATION('\X\E4\X\BB',$,#2162);
#2148=PRODUCT_DEFINITION_FORMATION('\X\E4\X\BB',$,#2163);
#2149=PRODUCT_RELATED_PRODUCT_CATEGORY('CIL100-F3.6-M12ANIR',
'CIL100-F3.6-M12ANIR',(#2158));
#2150=PRODUCT_RELATED_PRODUCT_CATEGORY('\X2\4E3B955C7B52\X0\',
'\X2\4E3B955C7B52\X0\',(#2159));
#2151=PRODUCT_RELATED_PRODUCT_CATEGORY('D-3','D-3',(#2160));
#2152=PRODUCT_RELATED_PRODUCT_CATEGORY('\X2\9EA662C97247\X0\',
'\X2\9EA662C97247\X0\',(#2161));
#2153=PRODUCT_RELATED_PRODUCT_CATEGORY('A','A',(#2162));
#2154=PRODUCT_RELATED_PRODUCT_CATEGORY('\X2\538B5708\X0\','\X2\538B5708\X0\',
(#2163));
#2155=APPLICATION_PROTOCOL_DEFINITION('international standard',
'automotive_design',2009,#2156);
#2156=APPLICATION_CONTEXT(
'Core Data for Automotive Mechanical Design Process');
#2157=PRODUCT_CONTEXT('part definition',#2156,'mechanical');
#2158=PRODUCT('CIL100-F3.6-M12ANIR','CIL100-F3.6-M12ANIR','STEP AP214',
(#2157));
#2159=PRODUCT('\X2\4E3B955C7B52\X0\','\X2\4E3B955C7B52\X0\',$,(#2157));
#2160=PRODUCT('D-3','D-3',$,(#2157));
#2161=PRODUCT('\X2\9EA662C97247\X0\','\X2\9EA662C97247\X0\',$,(#2157));
#2162=PRODUCT('A','A',$,(#2157));
#2163=PRODUCT('\X2\538B5708\X0\','\X2\538B5708\X0\',$,(#2157));
ENDSEC;
END-ISO-10303-21;
